Tablilla,Tablero,Declarante_x,Jugador,Ss,Hs,Ds,Cs,NT_Bazas,Ss_Bazas,Hs_Bazas,Ds_Bazas,Cs_Bazas,Vulnerable,Dealer,Declarante_y,Cs_Contrato_Optimo,Cs_PuntajeContrato_Optimo,Ds_Contrato_Optimo,Ds_PuntajeContrato_Optimo,Hs_Contrato_Optimo,Hs_PuntajeContrato_Optimo,Ss_Contrato_Optimo,Ss_PuntajeContrato_Optimo,NT_Contrato_Optimo,NT_PuntajeContrato_Optimo,110,130,150,170,190,210,230,250,270,290,310,330,350,370,390,410,430,450,470,490,510,530,550,570,590,610,630,650,670,690,710,730,750,770,790,Contrato_Optimo_Mano_0,PuntajeContrato_Optimo_Mano_0,111,131,151,171,191,211,231,251,271,291,311,331,351,371,391,411,431,451,471,491,511,531,551,571,591,611,631,651,671,691,711,731,751,771,791,Contrato_Optimo_Mano_1,PuntajeContrato_Optimo_Mano_1,112,132,152,172,192,212,232,252,272,292,312,332,352,372,392,412,432,452,472,492,512,532,552,572,592,612,632,652,672,692,712,732,752,772,792,Contrato_Optimo_Mano_2,PuntajeContrato_Optimo_Mano_2
3,1,E,N,A84,75,QT2,AJT83,6,4,3,9,9,E-W,E,E,310,110,330,110,150,-200,170,-150,190,-50,110,110,-200,-150,-50,110,110,-250,-200,-100,110,110,-300,-250,-150,-50,-50,-350,-300,-200,-100,-100,-400,-350,-250,-150,-150,-450,-400,-300,-200,-200,-500,-450,-350,110,-179,340,340,-800,-500,-100,280,280,-1100,-800,-300,470,470,-1400,-1100,-500,-100,-100,-1700,-1400,-800,-300,-300,-2000,-1700,-1100,-500,-500,-2300,-2000,-1400,-800,-800,-2600,-2300,-1700,470,-823,630,630,-1600,-1000,-200,760,760,-2200,-1600,-600,640,640,-2800,-2200,-1000,-200,-200,-3400,-2800,-1600,-600,-600,-4000,-3400,-2200,-1000,-1000,-4600,-4000,-2800,-1600,-1600,-5200,-4600,-3400,760,-1655
3,1,E,E,J7,KJT94,A98,Q92,6,8,10,3,3,E-W,E,E,110,-400,130,-400,450,620,270,110,190,-100,-400,-400,170,110,-100,-500,-500,170,110,-200,-600,-600,170,-100,-300,-700,-700,620,-200,-400,-800,-800,-100,-300,-500,-900,-900,-200,-400,-600,-1000,-1000,-300,-500,-700,620,-381,-1100,-1100,760,360,-200,-1400,-1400,1070,670,-500,-1700,-1700,930,-200,-800,-2000,-2000,790,-500,-1100,-2300,-2300,-200,-800,-1400,-2600,-2600,-500,-1100,-1700,-2900,-2900,-800,-1400,-2000,1070,-1046,-2200,-2200,1920,1120,-400,-2800,-2800,1640,840,-1000,-3400,-3400,1360,-400,-1600,-4000,-4000,1080,-1000,-2200,-4600,-4600,-400,-1600,-2800,-5200,-5200,-1000,-2200,-3400,-5800,-5800,-1600,-2800,-4000,1920,-2126
3,1,E,S,K32,2,J7653,K765,6,4,3,9,9,E-W,E,E,310,110,330,110,150,-200,170,-150,190,-50,110,110,-200,-150,-50,110,110,-250,-200,-100,110,110,-300,-250,-150,-50,-50,-350,-300,-200,-100,-100,-400,-350,-250,-150,-150,-450,-400,-300,-200,-200,-500,-450,-350,110,-179,340,340,-800,-500,-100,280,280,-1100,-800,-300,470,470,-1400,-1100,-500,-100,-100,-1700,-1400,-800,-300,-300,-2000,-1700,-1100,-500,-500,-2300,-2000,-1400,-800,-800,-2600,-2300,-1700,470,-823,630,630,-1600,-1000,-200,760,760,-2200,-1600,-600,640,640,-2800,-2200,-1000,-200,-200,-3400,-2800,-1600,-600,-600,-4000,-3400,-2200,-1000,-1000,-4600,-4000,-2800,-1600,-1600,-5200,-4600,-3400,760,-1655
3,1,E,W,QT965,AQ863,K4,4,6,8,10,3,3,E-W,E,E,110,-400,130,-400,450,620,270,110,190,-100,-400,-400,170,110,-100,-500,-500,170,110,-200,-600,-600,170,-100,-300,-700,-700,620,-200,-400,-800,-800,-100,-300,-500,-900,-900,-200,-400,-600,-1000,-1000,-300,-500,-700,620,-381,-1100,-1100,760,360,-200,-1400,-1400,1070,670,-500,-1700,-1700,930,-200,-800,-2000,-2000,790,-500,-1100,-2300,-2300,-200,-800,-1400,-2600,-2600,-500,-1100,-1700,-2900,-2900,-800,-1400,-2000,1070,-1046,-2200,-2200,1920,1120,-400,-2800,-2800,1640,840,-1000,-3400,-3400,1360,-400,-1600,-4000,-4000,1080,-1000,-2200,-4600,-4600,-400,-1600,-2800,-5200,-5200,-1000,-2200,-3400,-5800,-5800,-1600,-2800,-4000,1920,-2126
3,2,E,N,42,75,KT743,KJT8,6,8,6,7,6,E-W,E,E,110,-50,130,70,150,-50,270,110,190,-50,-50,70,-50,110,-50,-100,-50,-100,110,-100,-150,-100,-150,-50,-150,-200,-150,-200,-100,-200,-250,-200,-250,-150,-250,-300,-250,-300,-200,-300,-350,-300,-350,-250,-350,110,-163,-100,140,-100,260,-100,-300,-100,-300,470,-300,-500,-300,-500,-100,-500,-800,-500,-800,-300,-800,-1100,-800,-1100,-500,-1100,-1400,-1100,-1400,-800,-1400,-1700,-1400,-1700,-1100,-1700,470,-680,-200,230,-200,720,-200,-600,-200,-600,640,-600,-1000,-600,-1000,-200,-1000,-1600,-1000,-1600,-600,-1600,-2200,-1600,-2200,-1000,-2200,-2800,-2200,-2800,-1600,-2800,-3400,-2800,-3400,-2200,-3400,720,-1366
3,2,E,E,J7,KJT94,A98,Q92,7,5,6,5,6,E-W,E,E,110,-100,130,-200,150,-100,170,-200,190,90,-100,-200,-100,-200,90,-200,-300,-200,-300,-100,-300,-400,-300,-400,-200,-400,-500,-400,-500,-300,-500,-600,-500,-600,-400,-600,-700,-600,-700,-500,-700,-800,-700,-800,-600,90,-417,-200,-500,-200,-500,180,-500,-800,-500,-800,-200,-800,-1100,-800,-1100,-500,-1100,-1400,-1100,-1400,-800,-1400,-1700,-1400,-1700,-1100,-1700,-2000,-1700,-2000,-1400,-2000,-2300,-2000,-2300,-1700,180,-1157,-400,-1000,-400,-1000,760,-1000,-1600,-1000,-1600,-400,-1600,-2200,-1600,-2200,-1000,-2200,-2800,-2200,-2800,-1600,-2800,-3400,-2800,-3400,-2200,-3400,-4000,-3400,-4000,-2800,-4000,-4600,-4000,-4600,-3400,760,-2304
3,2,E,S,AKT953,A863,Q,73,6,8,6,7,6,E-W,E,E,110,-50,130,70,150,-50,270,110,190,-50,-50,70,-50,110,-50,-100,-50,-100,110,-100,-150,-100,-150,-50,-150,-200,-150,-200,-100,-200,-250,-200,-250,-150,-250,-300,-250,-300,-200,-300,-350,-300,-350,-250,-350,110,-163,-100,140,-100,260,-100,-300,-100,-300,470,-300,-500,-300,-500,-100,-500,-800,-500,-800,-300,-800,-1100,-800,-1100,-500,-1100,-1400,-1100,-1400,-800,-1400,-1700,-1400,-1700,-1100,-1700,470,-680,-200,230,-200,720,-200,-600,-200,-600,640,-600,-1000,-600,-1000,-200,-1000,-1600,-1000,-1600,-600,-1600,-2200,-1600,-2200,-1000,-2200,-2800,-2200,-2800,-1600,-2800,-3400,-2800,-3400,-2200,-3400,720,-1366
3,2,E,W,Q86,Q2,J652,A654,7,5,6,5,6,E-W,E,E,110,-100,130,-200,150,-100,170,-200,190,90,-100,-200,-100,-200,90,-200,-300,-200,-300,-100,-300,-400,-300,-400,-200,-400,-500,-400,-500,-300,-500,-600,-500,-600,-400,-600,-700,-600,-700,-500,-700,-800,-700,-800,-600,90,-417,-200,-500,-200,-500,180,-500,-800,-500,-800,-200,-800,-1100,-800,-1100,-500,-1100,-1400,-1100,-1400,-800,-1400,-1700,-1400,-1700,-1100,-1700,-2000,-1700,-2000,-1400,-2000,-2300,-2000,-2300,-1700,180,-1157,-400,-1000,-400,-1000,760,-1000,-1600,-1000,-1600,-400,-1600,-2200,-1600,-2200,-1000,-2200,-2800,-2200,-2800,-1600,-2800,-3400,-2800,-3400,-2200,-3400,-4000,-3400,-4000,-2800,-4000,-4600,-4000,-4600,-3400,760,-2304
3,3,E,N,T4,52,KQT643,AK5,11,7,7,11,7,E-W,E,E,110,70,530,400,150,80,170,80,590,460,70,150,80,80,210,-50,150,-50,-50,210,-100,150,-100,-100,460,-150,150,-150,-150,460,-200,400,-200,-200,460,-250,-50,-250,-250,-50,-300,-100,-300,-300,-100,460,-12,140,540,160,160,580,-100,480,-100,-100,790,-300,670,-300,-300,750,-500,610,-500,-500,710,-800,550,-800,-800,670,-1100,-100,-1100,-1100,-100,-1400,-300,-1400,-1400,-300,790,-188,230,1030,520,520,1360,-200,1160,-200,-200,1280,-600,1040,-600,-600,1200,-1000,920,-1000,-1000,1120,-1600,800,-1600,-1600,1040,-2200,-200,-2200,-2200,-200,-2800,-600,-2800,-2800,-600,1360,-416
3,3,E,E,J7,KJT94,A98,Q92,2,5,5,2,5,E-W,E,E,110,-200,130,-500,150,-200,170,-200,190,-500,-200,-500,-200,-200,-500,-300,-600,-300,-300,-600,-400,-700,-400,-400,-700,-500,-800,-500,-500,-800,-600,-900,-600,-600,-900,-700,-1000,-700,-700,-1000,-800,-1100,-800,-800,-1100,-200,-620,-500,-1400,-500,-500,-1400,-800,-1700,-800,-800,-1700,-1100,-2000,-1100,-1100,-2000,-1400,-2300,-1400,-1400,-2300,-1700,-2600,-1700,-1700,-2600,-2000,-2900,-2000,-2000,-2900,-2300,-3200,-2300,-2300,-3200,-500,-1760,-1000,-2800,-1000,-1000,-2800,-1600,-3400,-1600,-1600,-3400,-2200,-4000,-2200,-2200,-4000,-2800,-4600,-2800,-2800,-4600,-3400,-5200,-3400,-3400,-5200,-4000,-5800,-4000,-4000,-5800,-4600,-6400,-4600,-4600,-6400,-1000,-3520
3,3,E,S,AK62,AQ6,752,T73,11,7,7,11,7,E-W,E,E,110,70,530,400,150,80,170,80,590,460,70,150,80,80,210,-50,150,-50,-50,210,-100,150,-100,-100,460,-150,150,-150,-150,460,-200,400,-200,-200,460,-250,-50,-250,-250,-50,-300,-100,-300,-300,-100,460,-12,140,540,160,160,580,-100,480,-100,-100,790,-300,670,-300,-300,750,-500,610,-500,-500,710,-800,550,-800,-800,670,-1100,-100,-1100,-1100,-100,-1400,-300,-1400,-1400,-300,790,-188,230,1030,520,520,1360,-200,1160,-200,-200,1280,-600,1040,-600,-600,1200,-1000,920,-1000,-1000,1120,-1600,800,-1600,-1600,1040,-2200,-200,-2200,-2200,-200,-2800,-600,-2800,-2800,-600,1360,-416
3,3,E,W,Q9853,873,J,J864,2,5,5,2,5,E-W,E,E,110,-200,130,-500,150,-200,170,-200,190,-500,-200,-500,-200,-200,-500,-300,-600,-300,-300,-600,-400,-700,-400,-400,-700,-500,-800,-500,-500,-800,-600,-900,-600,-600,-900,-700,-1000,-700,-700,-1000,-800,-1100,-800,-800,-1100,-200,-620,-500,-1400,-500,-500,-1400,-800,-1700,-800,-800,-1700,-1100,-2000,-1100,-1100,-2000,-1400,-2300,-1400,-1400,-2300,-1700,-2600,-1700,-1700,-2600,-2000,-2900,-2000,-2000,-2900,-2300,-3200,-2300,-2300,-3200,-500,-1760,-1000,-2800,-1000,-1000,-2800,-1600,-3400,-1600,-1600,-3400,-2200,-4000,-2200,-2200,-4000,-2800,-4600,-2800,-2800,-4600,-3400,-5200,-3400,-3400,-5200,-4000,-5800,-4000,-4000,-5800,-4600,-6400,-4600,-4600,-6400,-1000,-3520
3,4,E,N,643,Q82,KJT,J654,5,7,5,7,4,E-W,E,E,110,-150,130,70,150,-100,170,80,190,-100,-150,70,-100,80,-100,-200,-50,-150,-50,-150,-250,-100,-200,-100,-200,-300,-150,-250,-150,-250,-350,-200,-300,-200,-300,-400,-250,-350,-250,-350,-450,-300,-400,-300,-400,80,-215,-500,140,-300,160,-300,-800,-100,-500,-100,-500,-1100,-300,-800,-300,-800,-1400,-500,-1100,-500,-1100,-1700,-800,-1400,-800,-1400,-2000,-1100,-1700,-1100,-1700,-2300,-1400,-2000,-1400,-2000,160,-957,-1000,230,-600,520,-600,-1600,-200,-1000,-200,-1000,-2200,-600,-1600,-600,-1600,-2800,-1000,-2200,-1000,-2200,-3400,-1600,-2800,-1600,-2800,-4000,-2200,-3400,-2200,-3400,-4600,-2800,-4000,-2800,-4000,520,-1910
3,4,E,E,J7,KJT94,A98,Q92,6,6,7,6,9,E-W,E,E,310,110,130,-100,150,80,170,-100,190,-100,110,-100,80,-100,-100,110,-200,-100,-200,-200,110,-300,-200,-300,-300,-100,-400,-300,-400,-400,-200,-500,-400,-500,-500,-300,-600,-500,-600,-600,-400,-700,-600,-700,-700,110,-316,540,-200,160,-200,-200,380,-500,-200,-500,-500,670,-800,-500,-800,-800,-200,-1100,-800,-1100,-1100,-500,-1400,-1100,-1400,-1400,-800,-1700,-1400,-1700,-1700,-1100,-2000,-1700,-2000,-2000,670,-847,1030,-400,720,-400,-400,1160,-1000,-400,-1000,-1000,840,-1600,-1000,-1600,-1600,-400,-2200,-1600,-2200,-2200,-1000,-2800,-2200,-2800,-2800,-1600,-3400,-2800,-3400,-3400,-2200,-4000,-3400,-4000,-4000,1160,-1687
3,4,E,S,AK98,A53,76532,8,3,6,5,7,3,E-W,E,E,110,-200,130,70,150,-100,170,-50,190,-200,-200,70,-100,-50,-200,-250,-50,-150,-100,-250,-300,-100,-200,-150,-300,-350,-150,-250,-200,-350,-400,-200,-300,-250,-400,-450,-250,-350,-300,-450,-500,-300,-400,-350,-500,70,-258,-800,140,-300,-100,-800,-1100,-100,-500,-300,-1100,-1400,-300,-800,-500,-1400,-1700,-500,-1100,-800,-1700,-2000,-800,-1400,-1100,-2000,-2300,-1100,-1700,-1400,-2300,-2600,-1400,-2000,-1700,-2600,140,-1187,-1600,230,-600,-200,-1600,-2200,-200,-1000,-600,-2200,-2800,-600,-1600,-1000,-2800,-3400,-1000,-2200,-1600,-3400,-4000,-1600,-2800,-2200,-4000,-4600,-2200,-3400,-2800,-4600,-5200,-2800,-4000,-3400,-5200,230,-2376
3,4,E,W,QT52,76,Q4,AKT73,6,6,7,6,9,E-W,E,E,310,110,130,-100,150,80,170,-100,190,-100,110,-100,80,-100,-100,110,-200,-100,-200,-200,110,-300,-200,-300,-300,-100,-400,-300,-400,-400,-200,-500,-400,-500,-500,-300,-600,-500,-600,-600,-400,-700,-600,-700,-700,110,-316,540,-200,160,-200,-200,380,-500,-200,-500,-500,670,-800,-500,-800,-800,-200,-1100,-800,-1100,-1100,-500,-1400,-1100,-1400,-1400,-800,-1700,-1400,-1700,-1700,-1100,-2000,-1700,-2000,-2000,670,-847,1030,-400,720,-400,-400,1160,-1000,-400,-1000,-1000,840,-1600,-1000,-1600,-1600,-400,-2200,-1600,-2200,-2200,-1000,-2800,-2200,-2800,-2800,-1600,-3400,-2800,-3400,-3400,-2200,-4000,-3400,-4000,-4000,1160,-1687
3,5,E,N,T84,Q6,J542,A763,4,8,4,5,8,E-W,E,E,210,90,130,-100,150,-150,270,110,190,-150,90,-100,-150,110,-150,90,-150,-200,110,-200,-50,-200,-250,-50,-250,-100,-250,-300,-100,-300,-150,-300,-350,-150,-350,-200,-350,-400,-200,-400,-250,-400,-450,-250,-450,110,-201,240,-300,-500,260,-500,180,-500,-800,470,-800,-100,-800,-1100,-100,-1100,-300,-1100,-1400,-300,-1400,-500,-1400,-1700,-500,-1700,-800,-1700,-2000,-800,-2000,-1100,-2000,-2300,-1100,-2300,470,-910,430,-600,-1000,720,-1000,560,-1000,-1600,640,-1600,-200,-1600,-2200,-200,-2200,-600,-2200,-2800,-600,-2800,-1000,-2800,-3400,-1000,-3400,-1600,-3400,-4000,-1600,-4000,-2200,-4000,-4600,-2200,-4600,720,-1818
3,5,E,E,J7,KJT94,A98,Q92,6,5,9,8,5,E-W,E,E,110,-200,230,90,350,140,170,-200,190,-100,-200,90,140,-200,-100,-300,90,140,-300,-200,-400,-100,140,-400,-300,-500,-200,-100,-500,-400,-600,-300,-200,-600,-500,-700,-400,-300,-700,-600,-800,-500,-400,-800,-700,140,-334,-500,340,560,-500,-200,-800,180,870,-800,-500,-1100,-200,730,-1100,-800,-1400,-500,-200,-1400,-1100,-1700,-800,-500,-1700,-1400,-2000,-1100,-800,-2000,-1700,-2300,-1400,-1100,-2300,-2000,870,-892,-1000,630,1520,-1000,-400,-1600,760,1240,-1600,-1000,-2200,-400,960,-2200,-1600,-2800,-1000,-400,-2800,-2200,-3400,-1600,-1000,-3400,-2800,-4000,-2200,-1600,-4000,-3400,-4600,-2800,-2200,-4600,-4000,1520,-1791
3,5,E,S,AQ965,A8,73,KT84,4,8,4,4,8,E-W,E,E,210,90,130,-150,150,-150,270,110,190,-150,90,-150,-150,110,-150,90,-200,-200,110,-200,-50,-250,-250,-50,-250,-100,-300,-300,-100,-300,-150,-350,-350,-150,-350,-200,-400,-400,-200,-400,-250,-450,-450,-250,-450,110,-211,240,-500,-500,260,-500,180,-800,-800,470,-800,-100,-1100,-1100,-100,-1100,-300,-1400,-1400,-300,-1400,-500,-1700,-1700,-500,-1700,-800,-2000,-2000,-800,-2000,-1100,-2300,-2300,-1100,-2300,470,-967,430,-1000,-1000,720,-1000,560,-1600,-1600,640,-1600,-200,-2200,-2200,-200,-2200,-600,-2800,-2800,-600,-2800,-1000,-3400,-3400,-1000,-3400,-1600,-4000,-4000,-1600,-4000,-2200,-4600,-4600,-2200,-4600,720,-1932
3,5,E,W,K32,7532,KQT6,J5,6,5,9,8,5,E-W,E,E,110,-200,230,90,350,140,170,-200,190,-100,-200,90,140,-200,-100,-300,90,140,-300,-200,-400,-100,140,-400,-300,-500,-200,-100,-500,-400,-600,-300,-200,-600,-500,-700,-400,-300,-700,-600,-800,-500,-400,-800,-700,140,-334,-500,340,560,-500,-200,-800,180,870,-800,-500,-1100,-200,730,-1100,-800,-1400,-500,-200,-1400,-1100,-1700,-800,-500,-1700,-1400,-2000,-1100,-800,-2000,-1700,-2300,-1400,-1100,-2300,-2000,870,-892,-1000,630,1520,-1000,-400,-1600,760,1240,-1600,-1000,-2200,-400,960,-2200,-1600,-2800,-1000,-400,-2800,-2200,-3400,-1600,-1000,-3400,-2800,-4000,-2200,-1600,-4000,-3400,-4600,-2800,-2200,-4600,-4000,1520,-1791
3,6,E,N,AQ94,6,KQT7653,8,3,6,3,10,3,E-W,E,E,110,-200,430,130,150,-200,170,-50,190,-200,-200,130,-200,-50,-200,-250,130,-250,-100,-250,-300,130,-300,-150,-300,-350,130,-350,-200,-350,-400,-50,-400,-250,-400,-450,-100,-450,-300,-450,-500,-150,-500,-350,-500,130,-243,-800,440,-800,-100,-800,-1100,380,-1100,-300,-1100,-1400,570,-1400,-500,-1400,-1700,510,-1700,-800,-1700,-2000,-100,-2000,-1100,-2000,-2300,-300,-2300,-1400,-2300,-2600,-500,-2600,-1700,-2600,570,-1160,-1600,830,-1600,-200,-1600,-2200,960,-2200,-600,-2200,-2800,840,-2800,-1000,-2800,-3400,720,-3400,-1600,-3400,-4000,-200,-4000,-2200,-4000,-4600,-600,-4600,-2800,-4600,-5200,-1000,-5200,-3400,-5200,960,-2332
3,6,E,E,J7,KJT94,A98,Q92,6,5,9,3,10,E-W,E,E,410,130,130,-400,350,140,170,-200,190,-100,130,-400,140,-200,-100,130,-500,140,-300,-200,130,-600,140,-400,-300,130,-700,-100,-500,-400,-100,-800,-200,-600,-500,-200,-900,-300,-700,-600,-300,-1000,-400,-800,-700,140,-338,740,-1100,560,-500,-200,580,-1400,870,-800,-500,870,-1700,730,-1100,-800,710,-2000,-200,-1400,-1100,-200,-2300,-500,-1700,-1400,-500,-2600,-800,-2000,-1700,-800,-2900,-1100,-2300,-2000,870,-872,1430,-2200,1520,-1000,-400,1560,-2800,1240,-1600,-1000,1240,-3400,960,-2200,-1600,920,-4000,-400,-2800,-2200,-400,-4600,-1000,-3400,-2800,-1000,-5200,-1600,-4000,-3400,-1600,-5800,-2200,-4600,-4000,1560,-1780
3,6,E,S,T85,732,J42,AJ74,3,6,3,10,3,E-W,E,E,110,-200,430,130,150,-200,170,-50,190,-200,-200,130,-200,-50,-200,-250,130,-250,-100,-250,-300,130,-300,-150,-300,-350,130,-350,-200,-350,-400,-50,-400,-250,-400,-450,-100,-450,-300,-450,-500,-150,-500,-350,-500,130,-243,-800,440,-800,-100,-800,-1100,380,-1100,-300,-1100,-1400,570,-1400,-500,-1400,-1700,510,-1700,-800,-1700,-2000,-100,-2000,-1100,-2000,-2300,-300,-2300,-1400,-2300,-2600,-500,-2600,-1700,-2600,570,-1160,-1600,830,-1600,-200,-1600,-2200,960,-2200,-600,-2200,-2800,840,-2800,-1000,-2800,-3400,720,-3400,-1600,-3400,-4000,-200,-4000,-2200,-4000,-4600,-600,-4600,-2800,-4600,-5200,-1000,-5200,-3400,-5200,960,-2332
3,6,E,W,K632,AQ85,,KT653,6,5,10,3,10,E-W,E,E,410,130,130,-400,450,620,170,-200,190,-100,130,-400,170,-200,-100,130,-500,170,-300,-200,130,-600,170,-400,-300,130,-700,620,-500,-400,-100,-800,-100,-600,-500,-200,-900,-200,-700,-600,-300,-1000,-300,-800,-700,620,-307,740,-1100,760,-500,-200,580,-1400,1070,-800,-500,870,-1700,930,-1100,-800,710,-2000,790,-1400,-1100,-200,-2300,-200,-1700,-1400,-500,-2600,-500,-2000,-1700,-800,-2900,-800,-2300,-2000,1070,-801,1430,-2200,1920,-1000,-400,1560,-2800,1640,-1600,-1000,1240,-3400,1360,-2200,-1600,920,-4000,1080,-2800,-2200,-400,-4600,-400,-3400,-2800,-1000,-5200,-1000,-4000,-3400,-1600,-5800,-1600,-4600,-4000,1920,-1652
3,7,E,N,QT84,6,QJT5432,T,7,9,4,9,5,E-W,E,E,110,-100,330,110,150,-150,370,140,190,90,-100,110,-150,140,90,-150,110,-200,140,-50,-200,110,-250,140,-100,-250,-50,-300,-50,-150,-300,-100,-350,-100,-200,-350,-150,-400,-150,-250,-400,-200,-450,-200,-300,140,-144,-300,340,-500,360,180,-500,280,-800,570,-100,-800,470,-1100,530,-300,-1100,-100,-1400,-100,-500,-1400,-300,-1700,-300,-800,-1700,-500,-2000,-500,-1100,-2000,-800,-2300,-800,-1400,570,-642,-600,630,-1000,920,560,-1000,760,-1600,840,-200,-1600,640,-2200,760,-600,-2200,-200,-2800,-200,-1000,-2800,-600,-3400,-600,-1600,-3400,-1000,-4000,-1000,-2200,-4000,-1600,-4600,-1600,-2800,920,-1294
3,7,E,E,J7,KJT94,A98,Q92,6,4,8,3,8,E-W,E,E,210,90,130,-400,250,110,170,-300,190,-100,90,-400,110,-300,-100,90,-500,110,-400,-200,-100,-600,-100,-500,-300,-200,-700,-200,-600,-400,-300,-800,-300,-700,-500,-400,-900,-400,-800,-600,-500,-1000,-500,-900,-700,110,-414,340,-1100,360,-800,-200,180,-1400,670,-1100,-500,-200,-1700,-200,-1400,-800,-500,-2000,-500,-1700,-1100,-800,-2300,-800,-2000,-1400,-1100,-2600,-1100,-2300,-1700,-1400,-2900,-1400,-2600,-2000,670,-1144,630,-2200,1120,-1600,-400,760,-2800,840,-2200,-1000,-400,-3400,-400,-2800,-1600,-1000,-4000,-1000,-3400,-2200,-1600,-4600,-1600,-4000,-2800,-2200,-5200,-2200,-4600,-3400,-2800,-5800,-2800,-5200,-4000,1120,-2281
3,7,E,S,9653,AQ5,K7,AK63,7,9,4,9,5,E-W,E,E,110,-100,330,110,150,-150,370,140,190,90,-100,110,-150,140,90,-150,110,-200,140,-50,-200,110,-250,140,-100,-250,-50,-300,-50,-150,-300,-100,-350,-100,-200,-350,-150,-400,-150,-250,-400,-200,-450,-200,-300,140,-144,-300,340,-500,360,180,-500,280,-800,570,-100,-800,470,-1100,530,-300,-1100,-100,-1400,-100,-500,-1400,-300,-1700,-300,-800,-1700,-500,-2000,-500,-1100,-2000,-800,-2300,-800,-1400,570,-642,-600,630,-1000,920,560,-1000,760,-1600,840,-200,-1600,640,-2200,760,-600,-2200,-200,-2800,-200,-1000,-2800,-600,-3400,-600,-1600,-3400,-1000,-4000,-1000,-2200,-4000,-1600,-4600,-1600,-2800,920,-1294
3,7,E,W,AK2,8732,6,J8754,6,4,8,3,7,E-W,E,E,110,70,130,-400,250,110,170,-300,190,-100,70,-400,110,-300,-100,-100,-500,110,-400,-200,-200,-600,-100,-500,-300,-300,-700,-200,-600,-400,-400,-800,-300,-700,-500,-500,-900,-400,-800,-600,-600,-1000,-500,-900,-700,110,-434,140,-1100,360,-800,-200,-200,-1400,670,-1100,-500,-500,-1700,-200,-1400,-800,-800,-2000,-500,-1700,-1100,-1100,-2300,-800,-2000,-1400,-1400,-2600,-1100,-2300,-1700,-1700,-2900,-1400,-2600,-2000,670,-1203,230,-2200,1120,-1600,-400,-400,-2800,840,-2200,-1000,-1000,-3400,-400,-2800,-1600,-1600,-4000,-1000,-3400,-2200,-2200,-4600,-1600,-4000,-2800,-2800,-5200,-2200,-4600,-3400,-3400,-5800,-2800,-5200,-4000,1120,-2411
3,8,E,N,42,Q73,KT763,AJ5,6,4,6,6,7,E-W,E,E,110,70,130,-50,150,-50,170,-150,190,-50,70,-50,-50,-150,-50,-50,-100,-100,-200,-100,-100,-150,-150,-250,-150,-150,-200,-200,-300,-200,-200,-250,-250,-350,-250,-250,-300,-300,-400,-300,-300,-350,-350,-450,-350,70,-208,140,-100,-100,-500,-100,-100,-300,-300,-800,-300,-300,-500,-500,-1100,-500,-500,-800,-800,-1400,-800,-800,-1100,-1100,-1700,-1100,-1100,-1400,-1400,-2000,-1400,-1400,-1700,-1700,-2300,-1700,140,-901,230,-200,-200,-1000,-200,-200,-600,-600,-1600,-600,-600,-1000,-1000,-2200,-1000,-1000,-1600,-1600,-2800,-1600,-1600,-2200,-2200,-3400,-2200,-2200,-2800,-2800,-4000,-2800,-2800,-3400,-3400,-4600,-3400,230,-1804
3,8,E,E,J7,KJT94,A98,Q92,6,9,7,6,6,E-W,E,E,110,-100,130,-100,150,80,370,140,190,-100,-100,-100,80,140,-100,-200,-200,-100,140,-200,-300,-300,-200,140,-300,-400,-400,-300,-100,-400,-500,-500,-400,-200,-500,-600,-600,-500,-300,-600,-700,-700,-600,-400,-700,140,-314,-200,-200,160,560,-200,-500,-500,-200,870,-500,-800,-800,-500,730,-800,-1100,-1100,-800,-200,-1100,-1400,-1400,-1100,-500,-1400,-1700,-1700,-1400,-800,-1700,-2000,-2000,-1700,-1100,-2000,870,-830,-400,-400,720,1520,-400,-1000,-1000,-400,1240,-1000,-1600,-1600,-1000,960,-1600,-2200,-2200,-1600,-400,-2200,-2800,-2800,-2200,-1000,-2800,-3400,-3400,-2800,-1600,-3400,-4000,-4000,-3400,-2200,-4000,1520,-1667
3,8,E,S,AKT,852,42,KT863,6,4,6,6,7,E-W,E,E,110,70,130,-50,150,-50,170,-150,190,-50,70,-50,-50,-150,-50,-50,-100,-100,-200,-100,-100,-150,-150,-250,-150,-150,-200,-200,-300,-200,-200,-250,-250,-350,-250,-250,-300,-300,-400,-300,-300,-350,-350,-450,-350,70,-208,140,-100,-100,-500,-100,-100,-300,-300,-800,-300,-300,-500,-500,-1100,-500,-500,-800,-800,-1400,-800,-800,-1100,-1100,-1700,-1100,-1100,-1400,-1400,-2000,-1400,-1400,-1700,-1700,-2300,-1700,140,-901,230,-200,-200,-1000,-200,-200,-600,-600,-1600,-600,-600,-1000,-1000,-2200,-1000,-1000,-1600,-1600,-2800,-1600,-1600,-2200,-2200,-3400,-2200,-2200,-2800,-2800,-4000,-2800,-2800,-3400,-3400,-4600,-3400,230,-1804
3,8,E,W,Q98653,A6,QJ5,74,6,9,7,6,5,E-W,E,E,110,-200,130,-100,150,80,370,140,190,-100,-200,-100,80,140,-100,-300,-200,-100,140,-200,-400,-300,-200,140,-300,-500,-400,-300,-100,-400,-600,-500,-400,-200,-500,-700,-600,-500,-300,-600,-800,-700,-600,-400,-700,140,-334,-500,-200,160,560,-200,-800,-500,-200,870,-500,-1100,-800,-500,730,-800,-1400,-1100,-800,-200,-1100,-1700,-1400,-1100,-500,-1400,-2000,-1700,-1400,-800,-1700,-2300,-2000,-1700,-1100,-2000,870,-890,-1000,-400,720,1520,-400,-1600,-1000,-400,1240,-1000,-2200,-1600,-1000,960,-1600,-2800,-2200,-1600,-400,-2200,-3400,-2800,-2200,-1000,-2800,-4000,-3400,-2800,-1600,-3400,-4600,-4000,-3400,-2200,-4000,1520,-1787
3,9,E,N,Q9642,8753,T2,K8,6,9,6,6,6,E-W,E,E,110,-50,130,-50,150,-50,370,140,190,-50,-50,-50,-50,140,-50,-100,-100,-100,140,-100,-150,-150,-150,140,-150,-200,-200,-200,-50,-200,-250,-250,-250,-100,-250,-300,-300,-300,-150,-300,-350,-350,-350,-200,-350,140,-162,-100,-100,-100,360,-100,-300,-300,-300,570,-300,-500,-500,-500,530,-500,-800,-800,-800,-100,-800,-1100,-1100,-1100,-300,-1100,-1400,-1400,-1400,-500,-1400,-1700,-1700,-1700,-800,-1700,570,-681,-200,-200,-200,920,-200,-600,-600,-600,840,-600,-1000,-1000,-1000,760,-1000,-1600,-1600,-1600,-200,-1600,-2200,-2200,-2200,-600,-2200,-2800,-2800,-2800,-1000,-2800,-3400,-3400,-3400,-1600,-3400,920,-1373
3,9,E,E,J7,KJT94,A98,Q92,7,4,7,6,7,E-W,E,E,110,70,130,-100,150,80,170,-300,190,90,70,-100,80,-300,90,-100,-200,-100,-400,-100,-200,-300,-200,-500,-200,-300,-400,-300,-600,-300,-400,-500,-400,-700,-400,-500,-600,-500,-800,-500,-600,-700,-600,-900,-600,90,-373,140,-200,160,-800,180,-200,-500,-200,-1100,-200,-500,-800,-500,-1400,-500,-800,-1100,-800,-1700,-800,-1100,-1400,-1100,-2000,-1100,-1400,-1700,-1400,-2300,-1400,-1700,-2000,-1700,-2600,-1700,180,-1034,230,-400,720,-1600,760,-400,-1000,-400,-2200,-400,-1000,-1600,-1000,-2800,-1000,-1600,-2200,-1600,-3400,-1600,-2200,-2800,-2200,-4000,-2200,-2800,-3400,-2800,-4600,-2800,-3400,-4000,-3400,-5200,-3400,760,-2048
3,9,E,S,T853,A6,KQ43,AJT,6,9,6,6,6,E-W,E,E,110,-50,130,-50,150,-50,370,140,190,-50,-50,-50,-50,140,-50,-100,-100,-100,140,-100,-150,-150,-150,140,-150,-200,-200,-200,-50,-200,-250,-250,-250,-100,-250,-300,-300,-300,-150,-300,-350,-350,-350,-200,-350,140,-162,-100,-100,-100,360,-100,-300,-300,-300,570,-300,-500,-500,-500,530,-500,-800,-800,-800,-100,-800,-1100,-1100,-1100,-300,-1100,-1400,-1400,-1400,-500,-1400,-1700,-1700,-1700,-800,-1700,570,-681,-200,-200,-200,920,-200,-600,-600,-600,840,-600,-1000,-1000,-1000,760,-1000,-1600,-1600,-1600,-200,-1600,-2200,-2200,-2200,-600,-2200,-2800,-2800,-2800,-1000,-2800,-3400,-3400,-3400,-1600,-3400,920,-1373
3,9,E,W,AK,Q2,J765,76543,7,4,7,5,7,E-W,E,E,110,70,130,-200,150,80,170,-300,190,90,70,-200,80,-300,90,-100,-300,-100,-400,-100,-200,-400,-200,-500,-200,-300,-500,-300,-600,-300,-400,-600,-400,-700,-400,-500,-700,-500,-800,-500,-600,-800,-600,-900,-600,90,-393,140,-500,160,-800,180,-200,-800,-200,-1100,-200,-500,-1100,-500,-1400,-500,-800,-1400,-800,-1700,-800,-1100,-1700,-1100,-2000,-1100,-1400,-2000,-1400,-2300,-1400,-1700,-2300,-1700,-2600,-1700,180,-1094,230,-1000,720,-1600,760,-400,-1600,-400,-2200,-400,-1000,-2200,-1000,-2800,-1000,-1600,-2800,-1600,-3400,-1600,-2200,-3400,-2200,-4000,-2200,-2800,-4000,-2800,-4600,-2800,-3400,-4600,-3400,-5200,-3400,760,-2168
3,10,E,N,AQT6,87,J76,AJ83,6,6,3,3,9,E-W,E,E,310,110,130,-200,150,-200,170,-50,190,-50,110,-200,-200,-50,-50,110,-250,-250,-100,-100,110,-300,-300,-150,-150,-50,-350,-350,-200,-200,-100,-400,-400,-250,-250,-150,-450,-450,-300,-300,-200,-500,-500,-350,-350,110,-224,340,-800,-800,-100,-100,280,-1100,-1100,-300,-300,470,-1400,-1400,-500,-500,-100,-1700,-1700,-800,-800,-300,-2000,-2000,-1100,-1100,-500,-2300,-2300,-1400,-1400,-800,-2600,-2600,-1700,-1700,470,-1034,630,-1600,-1600,-200,-200,760,-2200,-2200,-600,-600,640,-2800,-2800,-1000,-1000,-200,-3400,-3400,-1600,-1600,-600,-4000,-4000,-2200,-2200,-1000,-4600,-4600,-2800,-2800,-1600,-5200,-5200,-3400,-3400,760,-2073
3,10,E,E,J7,KJT94,A98,Q92,3,3,10,10,3,E-W,E,E,110,-400,430,130,450,620,170,-400,190,-400,-400,130,170,-400,-400,-500,130,170,-500,-500,-600,130,170,-600,-600,-700,130,620,-700,-700,-800,-100,-100,-800,-800,-900,-200,-200,-900,-900,-1000,-300,-300,-1000,-1000,620,-407,-1100,740,760,-1100,-1100,-1400,580,1070,-1400,-1400,-1700,870,930,-1700,-1700,-2000,710,790,-2000,-2000,-2300,-200,-200,-2300,-2300,-2600,-500,-500,-2600,-2600,-2900,-800,-800,-2900,-2900,1070,-1101,-2200,1430,1920,-2200,-2200,-2800,1560,1640,-2800,-2800,-3400,1240,1360,-3400,-3400,-4000,920,1080,-4000,-4000,-4600,-400,-400,-4600,-4600,-5200,-1000,-1000,-5200,-5200,-5800,-1600,-1600,-5800,-5800,1920,-2252
3,10,E,S,K43,Q2,Q4,KT7654,6,7,3,3,9,E-W,E,E,310,110,130,-200,150,-200,170,80,190,-50,110,-200,-200,80,-50,110,-250,-250,-50,-100,110,-300,-300,-100,-150,-50,-350,-350,-150,-200,-100,-400,-400,-200,-250,-150,-450,-450,-250,-300,-200,-500,-500,-300,-350,110,-212,340,-800,-800,160,-100,280,-1100,-1100,-100,-300,470,-1400,-1400,-300,-500,-100,-1700,-1700,-500,-800,-300,-2000,-2000,-800,-1100,-500,-2300,-2300,-1100,-1400,-800,-2600,-2600,-1400,-1700,470,-981,630,-1600,-1600,520,-200,760,-2200,-2200,-200,-600,640,-2800,-2800,-600,-1000,-200,-3400,-3400,-1000,-1600,-600,-4000,-4000,-1600,-2200,-1000,-4600,-4600,-2200,-2800,-1600,-5200,-5200,-2800,-3400,760,-1961
3,10,E,W,9852,A653,KT532,,3,3,10,10,3,E-W,E,E,110,-400,430,130,450,620,170,-400,190,-400,-400,130,170,-400,-400,-500,130,170,-500,-500,-600,130,170,-600,-600,-700,130,620,-700,-700,-800,-100,-100,-800,-800,-900,-200,-200,-900,-900,-1000,-300,-300,-1000,-1000,620,-407,-1100,740,760,-1100,-1100,-1400,580,1070,-1400,-1400,-1700,870,930,-1700,-1700,-2000,710,790,-2000,-2000,-2300,-200,-200,-2300,-2300,-2600,-500,-500,-2600,-2600,-2900,-800,-800,-2900,-2900,1070,-1101,-2200,1430,1920,-2200,-2200,-2800,1560,1640,-2800,-2800,-3400,1240,1360,-3400,-3400,-4000,920,1080,-4000,-4000,-4600,-400,-400,-4600,-4600,-5200,-1000,-1000,-5200,-5200,-5800,-1600,-1600,-5800,-5800,1920,-2252
3,11,E,N,AK86,7,T754,KT75,7,9,5,9,10,E-W,E,E,410,130,330,110,150,-100,370,140,190,90,130,110,-100,140,90,130,110,-150,140,-50,130,110,-200,140,-100,130,-50,-250,-50,-150,-50,-100,-300,-100,-200,-100,-150,-350,-150,-250,-150,-200,-400,-200,-300,140,-78,440,340,-300,360,180,380,280,-500,570,-100,570,470,-800,530,-300,510,-100,-1100,-100,-500,-100,-300,-1400,-300,-800,-300,-500,-1700,-500,-1100,-500,-800,-2000,-800,-1400,570,-333,830,630,-600,920,560,960,760,-1000,840,-200,840,640,-1600,760,-600,720,-200,-2200,-200,-1000,-200,-600,-2800,-600,-1600,-600,-1000,-3400,-1000,-2200,-1000,-1600,-4000,-1600,-2800,960,-689
3,11,E,E,J7,KJT94,A98,Q92,6,4,8,4,3,E-W,E,E,110,-400,130,-300,250,110,170,-300,190,-100,-400,-300,110,-300,-100,-500,-400,110,-400,-200,-600,-500,-100,-500,-300,-700,-600,-200,-600,-400,-800,-700,-300,-700,-500,-900,-800,-400,-800,-600,-1000,-900,-500,-900,-700,110,-496,-1100,-800,360,-800,-200,-1400,-1100,670,-1100,-500,-1700,-1400,-200,-1400,-800,-2000,-1700,-500,-1700,-1100,-2300,-2000,-800,-2000,-1400,-2600,-2300,-1100,-2300,-1700,-2900,-2600,-1400,-2600,-2000,670,-1384,-2200,-1600,1120,-1600,-400,-2800,-2200,840,-2200,-1000,-3400,-2800,-400,-2800,-1600,-4000,-3400,-1000,-3400,-2200,-4600,-4000,-1600,-4000,-2800,-5200,-4600,-2200,-4600,-3400,-5800,-5200,-2800,-5200,-4000,1120,-2772
3,11,E,S,QT3,A3,KQ6,J8643,7,9,5,9,10,E-W,E,E,410,130,330,110,150,-100,370,140,190,90,130,110,-100,140,90,130,110,-150,140,-50,130,110,-200,140,-100,130,-50,-250,-50,-150,-50,-100,-300,-100,-200,-100,-150,-350,-150,-250,-150,-200,-400,-200,-300,140,-78,440,340,-300,360,180,380,280,-500,570,-100,570,470,-800,530,-300,510,-100,-1100,-100,-500,-100,-300,-1400,-300,-800,-300,-500,-1700,-500,-1100,-500,-800,-2000,-800,-1400,570,-333,830,630,-600,920,560,960,760,-1000,840,-200,840,640,-1600,760,-600,720,-200,-2200,-200,-1000,-200,-600,-2800,-600,-1600,-600,-1000,-3400,-1000,-2200,-1000,-1600,-4000,-1600,-2800,960,-689
3,11,E,W,9542,Q8652,J32,A,5,4,8,4,3,E-W,E,E,110,-400,130,-300,250,110,170,-300,190,-200,-400,-300,110,-300,-200,-500,-400,110,-400,-300,-600,-500,-100,-500,-400,-700,-600,-200,-600,-500,-800,-700,-300,-700,-600,-900,-800,-400,-800,-700,-1000,-900,-500,-900,-800,110,-516,-1100,-800,360,-800,-500,-1400,-1100,670,-1100,-800,-1700,-1400,-200,-1400,-1100,-2000,-1700,-500,-1700,-1400,-2300,-2000,-800,-2000,-1700,-2600,-2300,-1100,-2300,-2000,-2900,-2600,-1400,-2600,-2300,670,-1444,-2200,-1600,1120,-1600,-1000,-2800,-2200,840,-2200,-1600,-3400,-2800,-400,-2800,-2200,-4000,-3400,-1000,-3400,-2800,-4600,-4000,-1600,-4000,-3400,-5200,-4600,-2200,-4600,-4000,-5800,-5200,-2800,-5200,-4600,1120,-2892
3,12,E,N,Q3,862,752,AKJ74,5,6,5,7,8,E-W,E,E,210,90,130,70,150,-100,170,-50,190,-100,90,70,-100,-50,-100,90,-50,-150,-100,-150,-50,-100,-200,-150,-200,-100,-150,-250,-200,-250,-150,-200,-300,-250,-300,-200,-250,-350,-300,-350,-250,-300,-400,-350,-400,90,-184,240,140,-300,-100,-300,180,-100,-500,-300,-500,-100,-300,-800,-500,-800,-300,-500,-1100,-800,-1100,-500,-800,-1400,-1100,-1400,-800,-1100,-1700,-1400,-1700,-1100,-1400,-2000,-1700,-2000,240,-798,430,230,-600,-200,-600,560,-200,-1000,-600,-1000,-200,-600,-1600,-1000,-1600,-600,-1000,-2200,-1600,-2200,-1000,-1600,-2800,-2200,-2800,-1600,-2200,-3400,-2800,-3400,-2200,-2800,-4000,-3400,-4000,560,-1593
3,12,E,E,J7,KJT94,A98,Q92,7,7,8,6,5,E-W,E,E,110,-200,130,-100,250,110,170,80,190,90,-200,-100,110,80,90,-300,-200,110,-100,-100,-400,-300,-100,-200,-200,-500,-400,-200,-300,-300,-600,-500,-300,-400,-400,-700,-600,-400,-500,-500,-800,-700,-500,-600,-600,110,-331,-500,-200,360,160,180,-800,-500,670,-200,-200,-1100,-800,-200,-500,-500,-1400,-1100,-500,-800,-800,-1700,-1400,-800,-1100,-1100,-2000,-1700,-1100,-1400,-1400,-2300,-2000,-1400,-1700,-1700,670,-900,-1000,-400,1120,720,760,-1600,-1000,840,-400,-400,-2200,-1600,-400,-1000,-1000,-2800,-2200,-1000,-1600,-1600,-3400,-2800,-1600,-2200,-2200,-4000,-3400,-2200,-2800,-2800,-4600,-4000,-2800,-3400,-3400,1120,-1781
3,12,E,S,KT98,73,KQ43,T85,5,6,4,7,8,E-W,E,E,210,90,130,70,150,-150,170,-50,190,-100,90,70,-150,-50,-100,90,-50,-200,-100,-150,-50,-100,-250,-150,-200,-100,-150,-300,-200,-250,-150,-200,-350,-250,-300,-200,-250,-400,-300,-350,-250,-300,-450,-350,-400,90,-194,240,140,-500,-100,-300,180,-100,-800,-300,-500,-100,-300,-1100,-500,-800,-300,-500,-1400,-800,-1100,-500,-800,-1700,-1100,-1400,-800,-1100,-2000,-1400,-1700,-1100,-1400,-2300,-1700,-2000,240,-855,430,230,-1000,-200,-600,560,-200,-1600,-600,-1000,-200,-600,-2200,-1000,-1600,-600,-1000,-2800,-1600,-2200,-1000,-1600,-3400,-2200,-2800,-1600,-2200,-4000,-2800,-3400,-2200,-2800,-4600,-3400,-4000,560,-1708
3,12,E,W,A6542,AQ5,JT6,63,7,6,8,5,5,E-W,E,E,110,-200,130,-200,250,110,170,-100,190,90,-200,-200,110,-100,90,-300,-300,110,-200,-100,-400,-400,-100,-300,-200,-500,-500,-200,-400,-300,-600,-600,-300,-500,-400,-700,-700,-400,-600,-500,-800,-800,-500,-700,-600,110,-374,-500,-500,360,-200,180,-800,-800,670,-500,-200,-1100,-1100,-200,-800,-500,-1400,-1400,-500,-1100,-800,-1700,-1700,-800,-1400,-1100,-2000,-2000,-1100,-1700,-1400,-2300,-2300,-1400,-2000,-1700,670,-1022,-1000,-1000,1120,-400,760,-1600,-1600,840,-1000,-400,-2200,-2200,-400,-1600,-1000,-2800,-2800,-1000,-2200,-1600,-3400,-3400,-1600,-2800,-2200,-4000,-4000,-2200,-3400,-2800,-4600,-4600,-2800,-4000,-3400,1120,-2036
3,13,E,N,T842,Q632,JT63,T,6,8,6,7,5,E-W,E,E,110,-100,130,70,150,-50,270,110,190,-50,-100,70,-50,110,-50,-150,-50,-100,110,-100,-200,-100,-150,-50,-150,-250,-150,-200,-100,-200,-300,-200,-250,-150,-250,-350,-250,-300,-200,-300,-400,-300,-350,-250,-350,110,-173,-300,140,-100,260,-100,-500,-100,-300,470,-300,-800,-300,-500,-100,-500,-1100,-500,-800,-300,-800,-1400,-800,-1100,-500,-1100,-1700,-1100,-1400,-800,-1400,-2000,-1400,-1700,-1100,-1700,470,-735,-600,230,-200,720,-200,-1000,-200,-600,640,-600,-1600,-600,-1000,-200,-1000,-2200,-1000,-1600,-600,-1600,-2800,-1600,-2200,-1000,-2200,-3400,-2200,-2800,-1600,-2800,-4000,-2800,-3400,-2200,-3400,720,-1474
3,13,E,E,J7,KJT94,A98,Q92,7,5,7,6,8,E-W,E,E,210,90,130,-100,150,80,170,-200,190,90,90,-100,80,-200,90,90,-200,-100,-300,-100,-100,-300,-200,-400,-200,-200,-400,-300,-500,-300,-300,-500,-400,-600,-400,-400,-600,-500,-700,-500,-500,-700,-600,-800,-600,90,-332,340,-200,160,-500,180,180,-500,-200,-800,-200,-200,-800,-500,-1100,-500,-500,-1100,-800,-1400,-800,-800,-1400,-1100,-1700,-1100,-1100,-1700,-1400,-2000,-1400,-1400,-2000,-1700,-2300,-1700,340,-915,630,-400,720,-1000,760,760,-1000,-400,-1600,-400,-400,-1600,-1000,-2200,-1000,-1000,-2200,-1600,-2800,-1600,-1600,-2800,-2200,-3400,-2200,-2200,-3400,-2800,-4000,-2800,-2800,-4000,-3400,-4600,-3400,760,-1798
3,13,E,S,AK53,A5,K72,KJ63,5,8,6,7,5,E-W,E,E,110,-100,130,70,150,-50,270,110,190,-100,-100,70,-50,110,-100,-150,-50,-100,110,-150,-200,-100,-150,-50,-200,-250,-150,-200,-100,-250,-300,-200,-250,-150,-300,-350,-250,-300,-200,-350,-400,-300,-350,-250,-400,110,-183,-300,140,-100,260,-300,-500,-100,-300,470,-500,-800,-300,-500,-100,-800,-1100,-500,-800,-300,-1100,-1400,-800,-1100,-500,-1400,-1700,-1100,-1400,-800,-1700,-2000,-1400,-1700,-1100,-2000,470,-789,-600,230,-200,720,-600,-1000,-200,-600,640,-1000,-1600,-600,-1000,-200,-1600,-2200,-1000,-1600,-600,-2200,-2800,-1600,-2200,-1000,-2800,-3400,-2200,-2800,-1600,-3400,-4000,-2800,-3400,-2200,-4000,720,-1583
3,13,E,W,Q96,87,Q54,A8754,7,5,7,6,8,E-W,E,E,210,90,130,-100,150,80,170,-200,190,90,90,-100,80,-200,90,90,-200,-100,-300,-100,-100,-300,-200,-400,-200,-200,-400,-300,-500,-300,-300,-500,-400,-600,-400,-400,-600,-500,-700,-500,-500,-700,-600,-800,-600,90,-332,340,-200,160,-500,180,180,-500,-200,-800,-200,-200,-800,-500,-1100,-500,-500,-1100,-800,-1400,-800,-800,-1400,-1100,-1700,-1100,-1100,-1700,-1400,-2000,-1400,-1400,-2000,-1700,-2300,-1700,340,-915,630,-400,720,-1000,760,760,-1000,-400,-1600,-400,-400,-1600,-1000,-2200,-1000,-1000,-2200,-1600,-2800,-1600,-1600,-2800,-2200,-3400,-2200,-2200,-3400,-2800,-4000,-2800,-2800,-4000,-3400,-4600,-3400,760,-1798
3,14,E,N,T84,AQ83,76,KJ64,8,8,6,7,7,E-W,E,E,110,70,130,70,150,-50,270,110,290,120,70,70,-50,110,120,-50,-50,-100,110,120,-100,-100,-150,-50,-50,-150,-150,-200,-100,-100,-200,-200,-250,-150,-150,-250,-250,-300,-200,-200,-300,-300,-350,-250,-250,120,-125,140,140,-100,260,280,-100,-100,-300,470,490,-300,-300,-500,-100,-100,-500,-500,-800,-300,-300,-800,-800,-1100,-500,-500,-1100,-1100,-1400,-800,-800,-1400,-1400,-1700,-1100,-1100,490,-517,230,230,-200,720,760,-200,-200,-600,640,680,-600,-600,-1000,-200,-200,-1000,-1000,-1600,-600,-600,-1600,-1600,-2200,-1000,-1000,-2200,-2200,-2800,-1600,-1600,-2800,-2800,-3400,-2200,-2200,760,-1044
3,14,E,E,J7,KJT94,A98,Q92,6,5,7,6,6,E-W,E,E,110,-100,130,-100,150,80,170,-200,190,-100,-100,-100,80,-200,-100,-200,-200,-100,-300,-200,-300,-300,-200,-400,-300,-400,-400,-300,-500,-400,-500,-500,-400,-600,-500,-600,-600,-500,-700,-600,-700,-700,-600,-800,-700,80,-397,-200,-200,160,-500,-200,-500,-500,-200,-800,-500,-800,-800,-500,-1100,-800,-1100,-1100,-800,-1400,-1100,-1400,-1400,-1100,-1700,-1400,-1700,-1700,-1400,-2000,-1700,-2000,-2000,-1700,-2300,-2000,160,-1098,-400,-400,720,-1000,-400,-1000,-1000,-400,-1600,-1000,-1600,-1600,-1000,-2200,-1600,-2200,-2200,-1600,-2800,-2200,-2800,-2800,-2200,-3400,-2800,-3400,-3400,-2800,-4000,-3400,-4000,-4000,-3400,-4600,-4000,720,-2185
3,14,E,S,Q953,75,KQJ5,A87,7,7,6,6,7,E-W,E,E,110,70,130,-50,150,-50,170,80,190,90,70,-50,-50,80,90,-50,-100,-100,-50,-50,-100,-150,-150,-100,-100,-150,-200,-200,-150,-150,-200,-250,-250,-200,-200,-250,-300,-300,-250,-250,-300,-350,-350,-300,-300,90,-163,140,-100,-100,160,180,-100,-300,-300,-100,-100,-300,-500,-500,-300,-300,-500,-800,-800,-500,-500,-800,-1100,-1100,-800,-800,-1100,-1400,-1400,-1100,-1100,-1400,-1700,-1700,-1400,-1400,180,-683,230,-200,-200,520,560,-200,-600,-600,-200,-200,-600,-1000,-1000,-600,-600,-1000,-1600,-1600,-1000,-1000,-1600,-2200,-2200,-1600,-1600,-2200,-2800,-2800,-2200,-2200,-2800,-3400,-3400,-2800,-2800,560,-1356
3,14,E,W,AK62,62,T432,T53,5,5,7,6,5,E-W,E,E,110,-200,130,-100,150,80,170,-200,190,-200,-200,-100,80,-200,-200,-300,-200,-100,-300,-300,-400,-300,-200,-400,-400,-500,-400,-300,-500,-500,-600,-500,-400,-600,-600,-700,-600,-500,-700,-700,-800,-700,-600,-800,-800,80,-437,-500,-200,160,-500,-500,-800,-500,-200,-800,-800,-1100,-800,-500,-1100,-1100,-1400,-1100,-800,-1400,-1400,-1700,-1400,-1100,-1700,-1700,-2000,-1700,-1400,-2000,-2000,-2300,-2000,-1700,-2300,-2300,160,-1218,-1000,-400,720,-1000,-1000,-1600,-1000,-400,-1600,-1600,-2200,-1600,-1000,-2200,-2200,-2800,-2200,-1600,-2800,-2800,-3400,-2800,-2200,-3400,-3400,-4000,-3400,-2800,-4000,-4000,-4600,-4000,-3400,-4600,-4600,720,-2425
3,15,E,N,A832,AQ83,KJ,J86,6,6,6,9,9,E-W,E,E,310,110,330,110,150,-50,170,-50,190,-50,110,110,-50,-50,-50,110,110,-100,-100,-100,110,110,-150,-150,-150,-50,-50,-200,-200,-200,-100,-100,-250,-250,-250,-150,-150,-300,-300,-300,-200,-200,-350,-350,-350,110,-129,340,340,-100,-100,-100,280,280,-300,-300,-300,470,470,-500,-500,-500,-100,-100,-800,-800,-800,-300,-300,-1100,-1100,-1100,-500,-500,-1400,-1400,-1400,-800,-800,-1700,-1700,-1700,470,-540,630,630,-200,-200,-200,760,760,-600,-600,-600,640,640,-1000,-1000,-1000,-200,-200,-1600,-1600,-1600,-600,-600,-2200,-2200,-2200,-1000,-1000,-2800,-2800,-2800,-1600,-1600,-3400,-3400,-3400,760,-1089
3,15,E,E,J7,KJT94,A98,Q92,5,7,7,4,4,E-W,E,E,110,-300,130,-300,150,80,170,80,190,-200,-300,-300,80,80,-200,-400,-400,-100,-100,-300,-500,-500,-200,-200,-400,-600,-600,-300,-300,-500,-700,-700,-400,-400,-600,-800,-800,-500,-500,-700,-900,-900,-600,-600,-800,80,-455,-800,-800,160,160,-500,-1100,-1100,-200,-200,-800,-1400,-1400,-500,-500,-1100,-1700,-1700,-800,-800,-1400,-2000,-2000,-1100,-1100,-1700,-2300,-2300,-1400,-1400,-2000,-2600,-2600,-1700,-1700,-2300,160,-1276,-1600,-1600,720,720,-1000,-2200,-2200,-400,-400,-1600,-2800,-2800,-1000,-1000,-2200,-3400,-3400,-1600,-1600,-2800,-4000,-4000,-2200,-2200,-3400,-4600,-4600,-2800,-2800,-4000,-5200,-5200,-3400,-3400,-4600,720,-2530
3,15,E,S,Q6,2,QT6432,KT53,6,6,5,9,8,E-W,E,E,210,90,330,110,150,-100,170,-50,190,-50,90,110,-100,-50,-50,90,110,-150,-100,-100,-50,110,-200,-150,-150,-100,-50,-250,-200,-200,-150,-100,-300,-250,-250,-200,-150,-350,-300,-300,-250,-200,-400,-350,-350,110,-151,240,340,-300,-100,-100,180,280,-500,-300,-300,-100,470,-800,-500,-500,-300,-100,-1100,-800,-800,-500,-300,-1400,-1100,-1100,-800,-500,-1700,-1400,-1400,-1100,-800,-2000,-1700,-1700,470,-645,430,630,-600,-200,-200,560,760,-1000,-600,-600,-200,640,-1600,-1000,-1000,-600,-200,-2200,-1600,-1600,-1000,-600,-2800,-2200,-2200,-1600,-1000,-3400,-2800,-2800,-2200,-1600,-4000,-3400,-3400,760,-1290
3,15,E,W,KT954,765,75,A74,5,7,7,4,4,E-W,E,E,110,-300,130,-300,150,80,170,80,190,-200,-300,-300,80,80,-200,-400,-400,-100,-100,-300,-500,-500,-200,-200,-400,-600,-600,-300,-300,-500,-700,-700,-400,-400,-600,-800,-800,-500,-500,-700,-900,-900,-600,-600,-800,80,-455,-800,-800,160,160,-500,-1100,-1100,-200,-200,-800,-1400,-1400,-500,-500,-1100,-1700,-1700,-800,-800,-1400,-2000,-2000,-1100,-1100,-1700,-2300,-2300,-1400,-1400,-2000,-2600,-2600,-1700,-1700,-2300,160,-1276,-1600,-1600,720,720,-1000,-2200,-2200,-400,-400,-1600,-2800,-2800,-1000,-1000,-2200,-3400,-3400,-1600,-1600,-2800,-4000,-4000,-2200,-2200,-3400,-4600,-4600,-2800,-2800,-4000,-5200,-5200,-3400,-3400,-4600,720,-2530
3,16,E,N,Q95,Q765,K42,K74,5,4,5,6,6,E-W,E,E,110,-50,130,-50,150,-100,170,-150,190,-100,-50,-50,-100,-150,-100,-100,-100,-150,-200,-150,-150,-150,-200,-250,-200,-200,-200,-250,-300,-250,-250,-250,-300,-350,-300,-300,-300,-350,-400,-350,-350,-350,-400,-450,-400,-50,-240,-100,-100,-300,-500,-300,-300,-300,-500,-800,-500,-500,-500,-800,-1100,-800,-800,-800,-1100,-1400,-1100,-1100,-1100,-1400,-1700,-1400,-1400,-1400,-1700,-2000,-1700,-1700,-1700,-2000,-2300,-2000,-100,-1062,-200,-200,-600,-1000,-600,-600,-600,-1000,-1600,-1000,-1000,-1000,-1600,-2200,-1600,-1600,-1600,-2200,-2800,-2200,-2200,-2200,-2800,-3400,-2800,-2800,-2800,-3400,-4000,-3400,-3400,-3400,-4000,-4600,-4000,-200,-2125
3,16,E,E,J7,KJT94,A98,Q92,7,8,8,6,7,E-W,E,E,110,70,130,-100,250,110,270,110,190,90,70,-100,110,110,90,-100,-200,110,110,-100,-200,-300,-100,-100,-200,-300,-400,-200,-200,-300,-400,-500,-300,-300,-400,-500,-600,-400,-400,-500,-600,-700,-500,-500,-600,110,-268,140,-200,360,360,180,-200,-500,670,670,-200,-500,-800,-200,-200,-500,-800,-1100,-500,-500,-800,-1100,-1400,-800,-800,-1100,-1400,-1700,-1100,-1100,-1400,-1700,-2000,-1400,-1400,-1700,670,-706,230,-400,1120,1120,760,-400,-1000,840,840,-400,-1000,-1600,-400,-400,-1000,-1600,-2200,-1000,-1000,-1600,-2200,-2800,-1600,-1600,-2200,-2800,-3400,-2200,-2200,-2800,-3400,-4000,-2800,-2800,-3400,1120,-1408
3,16,E,S,K6,A82,JT75,JT65,5,5,5,6,6,E-W,E,E,110,-50,130,-50,150,-100,170,-100,190,-100,-50,-50,-100,-100,-100,-100,-100,-150,-150,-150,-150,-150,-200,-200,-200,-200,-200,-250,-250,-250,-250,-250,-300,-300,-300,-300,-300,-350,-350,-350,-350,-350,-400,-400,-400,-50,-230,-100,-100,-300,-300,-300,-300,-300,-500,-500,-500,-500,-500,-800,-800,-800,-800,-800,-1100,-1100,-1100,-1100,-1100,-1400,-1400,-1400,-1400,-1400,-1700,-1700,-1700,-1700,-1700,-2000,-2000,-2000,-100,-1005,-200,-200,-600,-600,-600,-600,-600,-1000,-1000,-1000,-1000,-1000,-1600,-1600,-1600,-1600,-1600,-2200,-2200,-2200,-2200,-2200,-2800,-2800,-2800,-2800,-2800,-3400,-3400,-3400,-3400,-3400,-4000,-4000,-4000,-200,-2011
3,16,E,W,AT8432,3,Q63,A83,7,8,8,7,7,E-W,E,E,110,70,130,70,250,110,270,110,190,90,70,70,110,110,90,-100,-100,110,110,-100,-200,-200,-100,-100,-200,-300,-300,-200,-200,-300,-400,-400,-300,-300,-400,-500,-500,-400,-400,-500,-600,-600,-500,-500,-600,110,-246,140,140,360,360,180,-200,-200,670,670,-200,-500,-500,-200,-200,-500,-800,-800,-500,-500,-800,-1100,-1100,-800,-800,-1100,-1400,-1400,-1100,-1100,-1400,-1700,-1700,-1400,-1400,-1700,670,-645,230,230,1120,1120,760,-400,-400,840,840,-400,-1000,-1000,-400,-400,-1000,-1600,-1600,-1000,-1000,-1600,-2200,-2200,-1600,-1600,-2200,-2800,-2800,-2200,-2200,-2800,-3400,-3400,-2800,-2800,-3400,1120,-1287
3,17,E,N,K8,Q8765,KT,AK76,6,6,6,7,7,E-W,E,E,110,70,130,70,150,-50,170,-50,190,-50,70,70,-50,-50,-50,-50,-50,-100,-100,-100,-100,-100,-150,-150,-150,-150,-150,-200,-200,-200,-200,-200,-250,-250,-250,-250,-250,-300,-300,-300,-300,-300,-350,-350,-350,70,-176,140,140,-100,-100,-100,-100,-100,-300,-300,-300,-300,-300,-500,-500,-500,-500,-500,-800,-800,-800,-800,-800,-1100,-1100,-1100,-1100,-1100,-1400,-1400,-1400,-1400,-1400,-1700,-1700,-1700,140,-737,230,230,-200,-200,-200,-200,-200,-600,-600,-600,-600,-600,-1000,-1000,-1000,-1000,-1000,-1600,-1600,-1600,-1600,-1600,-2200,-2200,-2200,-2200,-2200,-2800,-2800,-2800,-2800,-2800,-3400,-3400,-3400,230,-1478
3,17,E,E,J7,KJT94,A98,Q92,7,7,6,5,5,E-W,E,E,110,-200,130,-200,150,-100,170,80,190,90,-200,-200,-100,80,90,-300,-300,-200,-100,-100,-400,-400,-300,-200,-200,-500,-500,-400,-300,-300,-600,-600,-500,-400,-400,-700,-700,-600,-500,-500,-800,-800,-700,-600,-600,90,-395,-500,-500,-200,160,180,-800,-800,-500,-200,-200,-1100,-1100,-800,-500,-500,-1400,-1400,-1100,-800,-800,-1700,-1700,-1400,-1100,-1100,-2000,-2000,-1700,-1400,-1400,-2300,-2300,-2000,-1700,-1700,180,-1096,-1000,-1000,-400,720,760,-1600,-1600,-1000,-400,-400,-2200,-2200,-1600,-1000,-1000,-2800,-2800,-2200,-1600,-1600,-3400,-3400,-2800,-2200,-2200,-4000,-4000,-3400,-2800,-2800,-4600,-4600,-4000,-3400,-3400,760,-2169
3,17,E,S,AT52,3,J5432,843,6,6,6,7,7,E-W,E,E,110,70,130,70,150,-50,170,-50,190,-50,70,70,-50,-50,-50,-50,-50,-100,-100,-100,-100,-100,-150,-150,-150,-150,-150,-200,-200,-200,-200,-200,-250,-250,-250,-250,-250,-300,-300,-300,-300,-300,-350,-350,-350,70,-176,140,140,-100,-100,-100,-100,-100,-300,-300,-300,-300,-300,-500,-500,-500,-500,-500,-800,-800,-800,-800,-800,-1100,-1100,-1100,-1100,-1100,-1400,-1400,-1400,-1400,-1400,-1700,-1700,-1700,140,-737,230,230,-200,-200,-200,-200,-200,-600,-600,-600,-600,-600,-1000,-1000,-1000,-1000,-1000,-1600,-1600,-1600,-1600,-1600,-2200,-2200,-2200,-2200,-2200,-2800,-2800,-2800,-2800,-2800,-3400,-3400,-3400,230,-1478
3,17,E,W,Q9643,A2,Q76,JT5,7,7,7,5,5,E-W,E,E,110,-200,130,-200,150,80,170,80,190,90,-200,-200,80,80,90,-300,-300,-100,-100,-100,-400,-400,-200,-200,-200,-500,-500,-300,-300,-300,-600,-600,-400,-400,-400,-700,-700,-500,-500,-500,-800,-800,-600,-600,-600,90,-372,-500,-500,160,160,180,-800,-800,-200,-200,-200,-1100,-1100,-500,-500,-500,-1400,-1400,-800,-800,-800,-1700,-1700,-1100,-1100,-1100,-2000,-2000,-1400,-1400,-1400,-2300,-2300,-1700,-1700,-1700,180,-1034,-1000,-1000,720,720,760,-1600,-1600,-400,-400,-400,-2200,-2200,-1000,-1000,-1000,-2800,-2800,-1600,-1600,-1600,-3400,-3400,-2200,-2200,-2200,-4000,-4000,-2800,-2800,-2800,-4600,-4600,-3400,-3400,-3400,760,-2034
3,18,E,N,AT2,A872,QJ743,7,5,9,3,10,3,E-W,E,E,110,-200,430,130,150,-200,370,140,190,-100,-200,130,-200,140,-100,-250,130,-250,140,-150,-300,130,-300,140,-200,-350,130,-350,-50,-250,-400,-50,-400,-100,-300,-450,-100,-450,-150,-350,-500,-150,-500,-200,-400,140,-186,-800,440,-800,360,-300,-1100,380,-1100,570,-500,-1400,570,-1400,530,-800,-1700,510,-1700,-100,-1100,-2000,-100,-2000,-300,-1400,-2300,-300,-2300,-500,-1700,-2600,-500,-2600,-800,-2000,570,-881,-1600,830,-1600,920,-600,-2200,960,-2200,840,-1000,-2800,840,-2800,760,-1600,-3400,720,-3400,-200,-2200,-4000,-200,-4000,-600,-2800,-4600,-600,-4600,-1000,-3400,-5200,-1000,-5200,-1600,-4000,960,-1786
3,18,E,E,J7,KJT94,A98,Q92,7,3,9,3,10,E-W,E,E,410,130,130,-400,350,140,170,-400,190,90,130,-400,140,-400,90,130,-500,140,-500,-100,130,-600,140,-600,-200,130,-700,-100,-700,-300,-100,-800,-200,-800,-400,-200,-900,-300,-900,-500,-300,-1000,-400,-1000,-600,140,-356,740,-1100,560,-1100,180,580,-1400,870,-1400,-200,870,-1700,730,-1700,-500,710,-2000,-200,-2000,-800,-200,-2300,-500,-2300,-1100,-500,-2600,-800,-2600,-1400,-800,-2900,-1100,-2900,-1700,870,-930,1430,-2200,1520,-2200,760,1560,-2800,1240,-2800,-400,1240,-3400,960,-3400,-1000,920,-4000,-400,-4000,-1600,-400,-4600,-1000,-4600,-2200,-1000,-5200,-1600,-5200,-2800,-1600,-5800,-2200,-5800,-3400,1560,-1884
3,18,E,S,KQ863,63,K652,53,5,9,3,10,3,E-W,E,E,110,-200,430,130,150,-200,370,140,190,-100,-200,130,-200,140,-100,-250,130,-250,140,-150,-300,130,-300,140,-200,-350,130,-350,-50,-250,-400,-50,-400,-100,-300,-450,-100,-450,-150,-350,-500,-150,-500,-200,-400,140,-186,-800,440,-800,360,-300,-1100,380,-1100,570,-500,-1400,570,-1400,530,-800,-1700,510,-1700,-100,-1100,-2000,-100,-2000,-300,-1400,-2300,-300,-2300,-500,-1700,-2600,-500,-2600,-800,-2000,570,-881,-1600,830,-1600,920,-600,-2200,960,-2200,840,-1000,-2800,840,-2800,760,-1600,-3400,720,-3400,-200,-2200,-4000,-200,-4000,-600,-2800,-4600,-600,-4600,-1000,-3400,-5200,-1000,-5200,-1600,-4000,960,-1786
3,18,E,W,954,Q5,T,AKJT864,7,3,9,3,10,E-W,E,E,410,130,130,-400,350,140,170,-400,190,90,130,-400,140,-400,90,130,-500,140,-500,-100,130,-600,140,-600,-200,130,-700,-100,-700,-300,-100,-800,-200,-800,-400,-200,-900,-300,-900,-500,-300,-1000,-400,-1000,-600,140,-356,740,-1100,560,-1100,180,580,-1400,870,-1400,-200,870,-1700,730,-1700,-500,710,-2000,-200,-2000,-800,-200,-2300,-500,-2300,-1100,-500,-2600,-800,-2600,-1400,-800,-2900,-1100,-2900,-1700,870,-930,1430,-2200,1520,-2200,760,1560,-2800,1240,-2800,-400,1240,-3400,960,-3400,-1000,920,-4000,-400,-4000,-1600,-400,-4600,-1000,-4600,-2200,-1000,-5200,-1600,-5200,-2800,-1600,-5800,-2200,-5800,-3400,1560,-1884
3,19,E,N,QT8542,Q52,Q52,A,2,7,2,5,4,E-W,E,E,110,-150,130,-100,150,-250,170,80,190,-250,-150,-100,-250,80,-250,-200,-150,-300,-50,-300,-250,-200,-350,-100,-350,-300,-250,-400,-150,-400,-350,-300,-450,-200,-450,-400,-350,-500,-250,-500,-450,-400,-550,-300,-550,80,-297,-500,-300,-1100,160,-1100,-800,-500,-1400,-100,-1400,-1100,-800,-1700,-300,-1700,-1400,-1100,-2000,-500,-2000,-1700,-1400,-2300,-800,-2300,-2000,-1700,-2600,-1100,-2600,-2300,-2000,-2900,-1400,-2900,160,-1418,-1000,-600,-2200,520,-2200,-1600,-1000,-2800,-200,-2800,-2200,-1600,-3400,-600,-3400,-2800,-2200,-4000,-1000,-4000,-3400,-2800,-4600,-1600,-4600,-4000,-3400,-5200,-2200,-5200,-4600,-4000,-5800,-2800,-5800,520,-2830
3,19,E,E,J7,KJT94,A98,Q92,10,6,10,7,9,E-W,E,E,310,110,130,70,450,620,170,-100,490,630,110,70,170,-100,180,110,-100,170,-200,180,110,-200,170,-300,630,-100,-300,620,-400,630,-200,-400,-100,-500,-100,-300,-500,-200,-600,-200,-400,-600,-300,-700,-300,630,-112,540,140,760,-200,780,380,-200,1070,-500,1090,670,-500,930,-800,950,-200,-800,790,-1100,810,-500,-1100,-200,-1400,-200,-800,-1400,-500,-1700,-500,-1100,-1700,-800,-2000,-800,1090,-288,1030,230,1920,-400,1960,1160,-400,1640,-1000,1680,840,-1000,1360,-1600,1400,-400,-1600,1080,-2200,1120,-1000,-2200,-400,-2800,-400,-1600,-2800,-1000,-3400,-1000,-2200,-3400,-1600,-4000,-1600,1960,-645
3,19,E,S,63,63,KJ74,T6543,2,7,2,5,4,E-W,E,E,110,-150,130,-100,150,-250,170,80,190,-250,-150,-100,-250,80,-250,-200,-150,-300,-50,-300,-250,-200,-350,-100,-350,-300,-250,-400,-150,-400,-350,-300,-450,-200,-450,-400,-350,-500,-250,-500,-450,-400,-550,-300,-550,80,-297,-500,-300,-1100,160,-1100,-800,-500,-1400,-100,-1400,-1100,-800,-1700,-300,-1700,-1400,-1100,-2000,-500,-2000,-1700,-1400,-2300,-800,-2300,-2000,-1700,-2600,-1100,-2600,-2300,-2000,-2900,-1400,-2900,160,-1418,-1000,-600,-2200,520,-2200,-1600,-1000,-2800,-200,-2800,-2200,-1600,-3400,-600,-3400,-2800,-2200,-4000,-1000,-4000,-3400,-2800,-4600,-1600,-4600,-4000,-3400,-5200,-2200,-5200,-4600,-4000,-5800,-2800,-5800,520,-2830
3,19,E,W,AK9,A87,T63,KJ87,10,6,10,8,9,E-W,E,E,310,110,230,90,450,620,170,-100,490,630,110,90,170,-100,180,110,90,170,-200,180,110,-100,170,-300,630,-100,-200,620,-400,630,-200,-300,-100,-500,-100,-300,-400,-200,-600,-200,-400,-500,-300,-700,-300,630,-92,540,340,760,-200,780,380,180,1070,-500,1090,670,-200,930,-800,950,-200,-500,790,-1100,810,-500,-800,-200,-1400,-200,-800,-1100,-500,-1700,-500,-1100,-1400,-800,-2000,-800,1090,-228,1030,630,1920,-400,1960,1160,760,1640,-1000,1680,840,-400,1360,-1600,1400,-400,-1000,1080,-2200,1120,-1000,-1600,-400,-2800,-400,-1600,-2200,-1000,-3400,-1000,-2200,-2800,-1600,-4000,-1600,1960,-514
3,20,E,N,AK94,Q5,QJ73,854,1,6,1,5,1,E-W,E,E,110,-300,130,-100,150,-300,170,-50,190,-300,-300,-100,-300,-50,-300,-350,-150,-350,-100,-350,-400,-200,-400,-150,-400,-450,-250,-450,-200,-450,-500,-300,-500,-250,-500,-550,-350,-550,-300,-550,-600,-400,-600,-350,-600,-50,-360,-1400,-300,-1400,-100,-1400,-1700,-500,-1700,-300,-1700,-2000,-800,-2000,-500,-2000,-2300,-1100,-2300,-800,-2300,-2600,-1400,-2600,-1100,-2600,-2900,-1700,-2900,-1400,-2900,-3200,-2000,-3200,-1700,-3200,-100,-1771,-2800,-600,-2800,-200,-2800,-3400,-1000,-3400,-600,-3400,-4000,-1600,-4000,-1000,-4000,-4600,-2200,-4600,-1600,-4600,-5200,-2800,-5200,-2200,-5200,-5800,-3400,-5800,-2800,-5800,-6400,-4000,-6400,-3400,-6400,-200,-3542
3,20,E,E,J7,KJT94,A98,Q92,9,7,11,8,11,E-W,E,E,510,600,230,90,550,650,170,80,390,600,150,90,200,80,150,150,90,200,-100,150,150,-100,200,-200,600,150,-200,650,-300,-100,600,-300,650,-400,-200,-100,-400,-100,-500,-300,-200,-500,-200,-600,-400,650,-26,940,340,960,160,580,780,180,1270,-200,890,1070,-200,1130,-500,750,910,-500,990,-800,-200,750,-800,850,-1100,-500,-200,-1100,-200,-1400,-800,-500,-1400,-500,-1700,-1100,1270,-32,1830,630,2320,720,1560,1960,760,2040,-400,1280,1640,-400,1760,-1000,1000,1320,-1000,1480,-1600,-400,1000,-1600,1200,-2200,-1000,-400,-2200,-400,-2800,-1600,-1000,-2800,-1000,-3400,-2200,2320,-140
3,20,E,S,QT62,8732,T52,J7,1,6,1,5,1,E-W,E,E,110,-300,130,-100,150,-300,170,-50,190,-300,-300,-100,-300,-50,-300,-350,-150,-350,-100,-350,-400,-200,-400,-150,-400,-450,-250,-450,-200,-450,-500,-300,-500,-250,-500,-550,-350,-550,-300,-550,-600,-400,-600,-350,-600,-50,-360,-1400,-300,-1400,-100,-1400,-1700,-500,-1700,-300,-1700,-2000,-800,-2000,-500,-2000,-2300,-1100,-2300,-800,-2300,-2600,-1400,-2600,-1100,-2600,-2900,-1700,-2900,-1400,-2900,-3200,-2000,-3200,-1700,-3200,-100,-1771,-2800,-600,-2800,-200,-2800,-3400,-1000,-3400,-600,-3400,-4000,-1600,-4000,-1000,-4000,-4600,-2200,-4600,-1600,-4600,-5200,-2800,-5200,-2200,-5200,-5800,-3400,-5800,-2800,-5800,-6400,-4000,-6400,-3400,-6400,-200,-3542
3,20,E,W,853,A6,K64,AKT63,9,7,11,8,11,E-W,E,E,510,600,230,90,550,650,170,80,390,600,150,90,200,80,150,150,90,200,-100,150,150,-100,200,-200,600,150,-200,650,-300,-100,600,-300,650,-400,-200,-100,-400,-100,-500,-300,-200,-500,-200,-600,-400,650,-26,940,340,960,160,580,780,180,1270,-200,890,1070,-200,1130,-500,750,910,-500,990,-800,-200,750,-800,850,-1100,-500,-200,-1100,-200,-1400,-800,-500,-1400,-500,-1700,-1100,1270,-32,1830,630,2320,720,1560,1960,760,2040,-400,1280,1640,-400,1760,-1000,1000,1320,-1000,1480,-1600,-400,1000,-1600,1200,-2200,-1000,-400,-2200,-400,-2800,-1600,-1000,-2800,-1000,-3400,-2200,2320,-140
3,21,E,N,A98,A,652,AJ8754,9,6,5,11,11,E-W,E,E,510,400,530,400,150,-100,170,-50,390,400,150,150,-100,-50,150,150,150,-150,-100,150,150,150,-200,-150,400,150,150,-250,-200,-50,400,400,-300,-250,-100,-50,-50,-350,-300,-150,-100,-100,-400,-350,-200,400,-35,540,540,-300,-100,380,480,480,-500,-300,590,670,670,-800,-500,550,610,610,-1100,-800,-100,550,550,-1400,-1100,-300,-100,-100,-1700,-1400,-500,-300,-300,-2000,-1700,-800,670,-256,1030,1030,-600,-200,960,1160,1160,-1000,-600,880,1040,1040,-1600,-1000,800,920,920,-2200,-1600,-200,800,800,-2800,-2200,-600,-200,-200,-3400,-2800,-1000,-600,-600,-4000,-3400,-1600,1160,-567
3,21,E,E,J7,KJT94,A98,Q92,3,6,8,2,2,E-W,E,E,110,-500,130,-500,250,110,170,-100,190,-400,-500,-500,110,-100,-400,-600,-600,110,-200,-500,-700,-700,-100,-300,-600,-800,-800,-200,-400,-700,-900,-900,-300,-500,-800,-1000,-1000,-400,-600,-900,-1100,-1100,-500,-700,-1000,110,-576,-1400,-1400,360,-200,-1100,-1700,-1700,670,-500,-1400,-2000,-2000,-200,-800,-1700,-2300,-2300,-500,-1100,-2000,-2600,-2600,-800,-1400,-2300,-2900,-2900,-1100,-1700,-2600,-3200,-3200,-1400,-2000,-2900,670,-1624,-2800,-2800,1120,-400,-2200,-3400,-3400,840,-1000,-2800,-4000,-4000,-400,-1600,-3400,-4600,-4600,-1000,-2200,-4000,-5200,-5200,-1600,-2800,-4600,-5800,-5800,-2200,-3400,-5200,-6400,-6400,-2800,-4000,-5800,1120,-3252
3,21,E,S,K42,76,KJT73,KT3,9,6,5,11,11,E-W,E,E,510,400,530,400,150,-100,170,-50,390,400,150,150,-100,-50,150,150,150,-150,-100,150,150,150,-200,-150,400,150,150,-250,-200,-50,400,400,-300,-250,-100,-50,-50,-350,-300,-150,-100,-100,-400,-350,-200,400,-35,540,540,-300,-100,380,480,480,-500,-300,590,670,670,-800,-500,550,610,610,-1100,-800,-100,550,550,-1400,-1100,-300,-100,-100,-1700,-1400,-500,-300,-300,-2000,-1700,-800,670,-256,1030,1030,-600,-200,960,1160,1160,-1000,-600,880,1040,1040,-1600,-1000,800,920,920,-2200,-1600,-200,800,800,-2800,-2200,-600,-200,-200,-3400,-2800,-1000,-600,-600,-4000,-3400,-1600,1160,-567
3,21,E,W,QT653,Q8532,Q4,6,3,6,8,2,2,E-W,E,E,110,-500,130,-500,250,110,170,-100,190,-400,-500,-500,110,-100,-400,-600,-600,110,-200,-500,-700,-700,-100,-300,-600,-800,-800,-200,-400,-700,-900,-900,-300,-500,-800,-1000,-1000,-400,-600,-900,-1100,-1100,-500,-700,-1000,110,-576,-1400,-1400,360,-200,-1100,-1700,-1700,670,-500,-1400,-2000,-2000,-200,-800,-1700,-2300,-2300,-500,-1100,-2000,-2600,-2600,-800,-1400,-2300,-2900,-2900,-1100,-1700,-2600,-3200,-3200,-1400,-2000,-2900,670,-1624,-2800,-2800,1120,-400,-2200,-3400,-3400,840,-1000,-2800,-4000,-4000,-400,-1600,-3400,-4600,-4600,-1000,-2200,-4000,-5200,-5200,-1600,-2800,-4600,-5800,-5800,-2200,-3400,-5200,-6400,-6400,-2800,-4000,-5800,1120,-3252
3,22,E,N,9863,AQ62,T,7643,1,5,1,5,1,E-W,E,E,110,-300,130,-100,150,-300,170,-100,190,-300,-300,-100,-300,-100,-300,-350,-150,-350,-150,-350,-400,-200,-400,-200,-400,-450,-250,-450,-250,-450,-500,-300,-500,-300,-500,-550,-350,-550,-350,-550,-600,-400,-600,-400,-600,-100,-370,-1400,-300,-1400,-300,-1400,-1700,-500,-1700,-500,-1700,-2000,-800,-2000,-800,-2000,-2300,-1100,-2300,-1100,-2300,-2600,-1400,-2600,-1400,-2600,-2900,-1700,-2900,-1700,-2900,-3200,-2000,-3200,-2000,-3200,-300,-1825,-2800,-600,-2800,-600,-2800,-3400,-1000,-3400,-1000,-3400,-4000,-1600,-4000,-1600,-4000,-4600,-2200,-4600,-2200,-4600,-5200,-2800,-5200,-2800,-5200,-5800,-3400,-5800,-3400,-5800,-6400,-4000,-6400,-4000,-6400,-600,-3651
3,22,E,E,J7,KJT94,A98,Q92,9,7,11,7,10,E-W,E,E,410,130,130,70,550,650,170,80,390,600,130,70,200,80,150,130,-100,200,-100,150,130,-200,200,-200,600,130,-300,650,-300,-100,-100,-400,650,-400,-200,-200,-500,-100,-500,-300,-300,-600,-200,-600,-400,650,-75,740,140,960,160,580,580,-200,1270,-200,890,870,-500,1130,-500,750,710,-800,990,-800,-200,-200,-1100,850,-1100,-500,-500,-1400,-200,-1400,-800,-800,-1700,-500,-1700,-1100,1270,-159,1430,230,2320,720,1560,1560,-400,2040,-400,1280,1240,-1000,1760,-1000,1000,920,-1600,1480,-1600,-400,-400,-2200,1200,-2200,-1000,-1000,-2800,-400,-2800,-1600,-1600,-3400,-1000,-3400,-2200,2320,-390
3,22,E,S,KQT2,5,765432,KT,1,5,1,6,2,E-W,E,E,110,-250,130,-50,150,-300,170,-100,190,-300,-250,-50,-300,-100,-300,-300,-100,-350,-150,-350,-350,-150,-400,-200,-400,-400,-200,-450,-250,-450,-450,-250,-500,-300,-500,-500,-300,-550,-350,-550,-550,-350,-600,-400,-600,-50,-350,-1100,-100,-1400,-300,-1400,-1400,-300,-1700,-500,-1700,-1700,-500,-2000,-800,-2000,-2000,-800,-2300,-1100,-2300,-2300,-1100,-2600,-1400,-2600,-2600,-1400,-2900,-1700,-2900,-2900,-1700,-3200,-2000,-3200,-100,-1711,-2200,-200,-2800,-600,-2800,-2800,-600,-3400,-1000,-3400,-3400,-1000,-4000,-1600,-4000,-4000,-1600,-4600,-2200,-4600,-4600,-2200,-5200,-2800,-5200,-5200,-2800,-5800,-3400,-5800,-5800,-3400,-6400,-4000,-6400,-200,-3422
3,22,E,W,A54,873,KQJ,AJ85,9,7,11,7,10,E-W,E,E,410,130,130,70,550,650,170,80,390,600,130,70,200,80,150,130,-100,200,-100,150,130,-200,200,-200,600,130,-300,650,-300,-100,-100,-400,650,-400,-200,-200,-500,-100,-500,-300,-300,-600,-200,-600,-400,650,-75,740,140,960,160,580,580,-200,1270,-200,890,870,-500,1130,-500,750,710,-800,990,-800,-200,-200,-1100,850,-1100,-500,-500,-1400,-200,-1400,-800,-800,-1700,-500,-1700,-1100,1270,-159,1430,230,2320,720,1560,1560,-400,2040,-400,1280,1240,-1000,1760,-1000,1000,920,-1600,1480,-1600,-400,-400,-2200,1200,-2200,-1000,-1000,-2800,-400,-2800,-1600,-1600,-3400,-1000,-3400,-2200,2320,-390
3,23,E,N,K62,63,KJ52,K854,4,8,3,4,7,E-W,E,E,110,70,130,-150,150,-200,270,110,190,-150,70,-150,-200,110,-150,-50,-200,-250,110,-200,-100,-250,-300,-50,-250,-150,-300,-350,-100,-300,-200,-350,-400,-150,-350,-250,-400,-450,-200,-400,-300,-450,-500,-250,-450,110,-233,140,-500,-800,260,-500,-100,-800,-1100,470,-800,-300,-1100,-1400,-100,-1100,-500,-1400,-1700,-300,-1400,-800,-1700,-2000,-500,-1700,-1100,-2000,-2300,-800,-2000,-1400,-2300,-2600,-1100,-2300,470,-1075,230,-1000,-1600,720,-1000,-200,-1600,-2200,640,-1600,-600,-2200,-2800,-200,-2200,-1000,-2800,-3400,-600,-2800,-1600,-3400,-4000,-1000,-3400,-2200,-4000,-4600,-1600,-4000,-2800,-4600,-5200,-2200,-4600,720,-2154
3,23,E,E,J7,KJT94,A98,Q92,7,5,9,8,6,E-W,E,E,110,-100,230,90,350,140,170,-200,190,90,-100,90,140,-200,90,-200,90,140,-300,-100,-300,-100,140,-400,-200,-400,-200,-100,-500,-300,-500,-300,-200,-600,-400,-600,-400,-300,-700,-500,-700,-500,-400,-800,-600,140,-291,-200,340,560,-500,180,-500,180,870,-800,-200,-800,-200,730,-1100,-500,-1100,-500,-200,-1400,-800,-1400,-800,-500,-1700,-1100,-1700,-1100,-800,-2000,-1400,-2000,-1400,-1100,-2300,-1700,870,-769,-400,630,1520,-1000,760,-1000,760,1240,-1600,-400,-1600,-400,960,-2200,-1000,-2200,-1000,-400,-2800,-1600,-2800,-1600,-1000,-3400,-2200,-3400,-2200,-1600,-4000,-2800,-4000,-2800,-2200,-4600,-3400,1520,-1535
3,23,E,S,QT9853,Q8,64,AT7,4,8,3,4,7,E-W,E,E,110,70,130,-150,150,-200,270,110,190,-150,70,-150,-200,110,-150,-50,-200,-250,110,-200,-100,-250,-300,-50,-250,-150,-300,-350,-100,-300,-200,-350,-400,-150,-350,-250,-400,-450,-200,-400,-300,-450,-500,-250,-450,110,-233,140,-500,-800,260,-500,-100,-800,-1100,470,-800,-300,-1100,-1400,-100,-1100,-500,-1400,-1700,-300,-1400,-800,-1700,-2000,-500,-1700,-1100,-2000,-2300,-800,-2000,-1400,-2300,-2600,-1100,-2300,470,-1075,230,-1000,-1600,720,-1000,-200,-1600,-2200,640,-1600,-600,-2200,-2800,-200,-2200,-1000,-2800,-3400,-600,-2800,-1600,-3400,-4000,-1000,-3400,-2200,-4000,-4600,-1600,-4000,-2800,-4600,-5200,-2200,-4600,720,-2154
3,23,E,W,A4,A752,QT73,J63,7,5,9,8,6,E-W,E,E,110,-100,230,90,350,140,170,-200,190,90,-100,90,140,-200,90,-200,90,140,-300,-100,-300,-100,140,-400,-200,-400,-200,-100,-500,-300,-500,-300,-200,-600,-400,-600,-400,-300,-700,-500,-700,-500,-400,-800,-600,140,-291,-200,340,560,-500,180,-500,180,870,-800,-200,-800,-200,730,-1100,-500,-1100,-500,-200,-1400,-800,-1400,-800,-500,-1700,-1100,-1700,-1100,-800,-2000,-1400,-2000,-1400,-1100,-2300,-1700,870,-769,-400,630,1520,-1000,760,-1000,760,1240,-1600,-400,-1600,-400,960,-2200,-1000,-2200,-1000,-400,-2800,-1600,-2800,-1600,-1000,-3400,-2200,-3400,-2200,-1600,-4000,-2800,-4000,-2800,-2200,-4600,-3400,1520,-1535
3,24,E,N,Q92,A632,K764,65,5,7,6,5,3,E-W,E,E,110,-200,130,-100,150,-50,170,80,190,-100,-200,-100,-50,80,-100,-250,-150,-100,-50,-150,-300,-200,-150,-100,-200,-350,-250,-200,-150,-250,-400,-300,-250,-200,-300,-450,-350,-300,-250,-350,-500,-400,-350,-300,-400,80,-237,-800,-300,-100,160,-300,-1100,-500,-300,-100,-500,-1400,-800,-500,-300,-800,-1700,-1100,-800,-500,-1100,-2000,-1400,-1100,-800,-1400,-2300,-1700,-1400,-1100,-1700,-2600,-2000,-1700,-1400,-2000,160,-1069,-1600,-600,-200,520,-600,-2200,-1000,-600,-200,-1000,-2800,-1600,-1000,-600,-1600,-3400,-2200,-1600,-1000,-2200,-4000,-2800,-2200,-1600,-2800,-4600,-3400,-2800,-2200,-3400,-5200,-4000,-3400,-2800,-4000,520,-2133
3,24,E,E,J7,KJT94,A98,Q92,7,6,7,8,9,E-W,E,E,310,110,230,90,150,80,170,-100,190,90,110,90,80,-100,90,110,90,-100,-200,-100,110,-100,-200,-300,-200,-100,-200,-300,-400,-300,-200,-300,-400,-500,-400,-300,-400,-500,-600,-500,-400,-500,-600,-700,-600,110,-252,540,340,160,-200,180,380,180,-200,-500,-200,670,-200,-500,-800,-500,-200,-500,-800,-1100,-800,-500,-800,-1100,-1400,-1100,-800,-1100,-1400,-1700,-1400,-1100,-1400,-1700,-2000,-1700,670,-664,1030,630,720,-400,760,1160,760,-400,-1000,-400,840,-400,-1000,-1600,-1000,-400,-1000,-1600,-2200,-1600,-1000,-1600,-2200,-2800,-2200,-1600,-2200,-2800,-3400,-2800,-2200,-2800,-3400,-4000,-3400,1160,-1300
3,24,E,S,A8653,Q85,T3,AJ7,5,7,5,5,3,E-W,E,E,110,-200,130,-100,150,-100,170,80,190,-100,-200,-100,-100,80,-100,-250,-150,-150,-50,-150,-300,-200,-200,-100,-200,-350,-250,-250,-150,-250,-400,-300,-300,-200,-300,-450,-350,-350,-250,-350,-500,-400,-400,-300,-400,80,-247,-800,-300,-300,160,-300,-1100,-500,-500,-100,-500,-1400,-800,-800,-300,-800,-1700,-1100,-1100,-500,-1100,-2000,-1400,-1400,-800,-1400,-2300,-1700,-1700,-1100,-1700,-2600,-2000,-2000,-1400,-2000,160,-1124,-1600,-600,-600,520,-600,-2200,-1000,-1000,-200,-1000,-2800,-1600,-1600,-600,-1600,-3400,-2200,-2200,-1000,-2200,-4000,-2800,-2800,-1600,-2800,-4600,-3400,-3400,-2200,-3400,-5200,-4000,-4000,-2800,-4000,520,-2242
3,24,E,W,KT4,7,QJ52,KT843,7,6,7,8,9,E-W,E,E,310,110,230,90,150,80,170,-100,190,90,110,90,80,-100,90,110,90,-100,-200,-100,110,-100,-200,-300,-200,-100,-200,-300,-400,-300,-200,-300,-400,-500,-400,-300,-400,-500,-600,-500,-400,-500,-600,-700,-600,110,-252,540,340,160,-200,180,380,180,-200,-500,-200,670,-200,-500,-800,-500,-200,-500,-800,-1100,-800,-500,-800,-1100,-1400,-1100,-800,-1100,-1400,-1700,-1400,-1100,-1400,-1700,-2000,-1700,670,-664,1030,630,720,-400,760,1160,760,-400,-1000,-400,840,-400,-1000,-1600,-1000,-400,-1000,-1600,-2200,-1600,-1000,-1600,-2200,-2800,-2200,-1600,-2200,-2800,-3400,-2800,-2200,-2800,-3400,-4000,-3400,1160,-1300
3,25,E,N,KT95,A,J53,86543,5,8,4,5,8,E-W,E,E,210,90,130,-100,150,-150,270,110,190,-100,90,-100,-150,110,-100,90,-150,-200,110,-150,-50,-200,-250,-50,-200,-100,-250,-300,-100,-250,-150,-300,-350,-150,-300,-200,-350,-400,-200,-350,-250,-400,-450,-250,-400,110,-191,240,-300,-500,260,-300,180,-500,-800,470,-500,-100,-800,-1100,-100,-800,-300,-1100,-1400,-300,-1100,-500,-1400,-1700,-500,-1400,-800,-1700,-2000,-800,-1700,-1100,-2000,-2300,-1100,-2000,470,-852,430,-600,-1000,720,-600,560,-1000,-1600,640,-1000,-200,-1600,-2200,-200,-1600,-600,-2200,-2800,-600,-2200,-1000,-2800,-3400,-1000,-2800,-1600,-3400,-4000,-1600,-3400,-2200,-4000,-4600,-2200,-4000,720,-1704
3,25,E,E,J7,KJT94,A98,Q92,7,5,9,8,5,E-W,E,E,110,-200,230,90,350,140,170,-200,190,90,-200,90,140,-200,90,-300,90,140,-300,-100,-400,-100,140,-400,-200,-500,-200,-100,-500,-300,-600,-300,-200,-600,-400,-700,-400,-300,-700,-500,-800,-500,-400,-800,-600,140,-311,-500,340,560,-500,180,-800,180,870,-800,-200,-1100,-200,730,-1100,-500,-1400,-500,-200,-1400,-800,-1700,-800,-500,-1700,-1100,-2000,-1100,-800,-2000,-1400,-2300,-1400,-1100,-2300,-1700,870,-829,-1000,630,1520,-1000,760,-1600,760,1240,-1600,-400,-2200,-400,960,-2200,-1000,-2800,-1000,-400,-2800,-1600,-3400,-1600,-1000,-3400,-2200,-4000,-2200,-1600,-4000,-2800,-4600,-2800,-2200,-4600,-3400,1520,-1655
3,25,E,S,Q842,762,K72,AJ7,5,8,4,5,8,E-W,E,E,210,90,130,-100,150,-150,270,110,190,-100,90,-100,-150,110,-100,90,-150,-200,110,-150,-50,-200,-250,-50,-200,-100,-250,-300,-100,-250,-150,-300,-350,-150,-300,-200,-350,-400,-200,-350,-250,-400,-450,-250,-400,110,-191,240,-300,-500,260,-300,180,-500,-800,470,-500,-100,-800,-1100,-100,-800,-300,-1100,-1400,-300,-1100,-500,-1400,-1700,-500,-1400,-800,-1700,-2000,-800,-1700,-1100,-2000,-2300,-1100,-2000,470,-852,430,-600,-1000,720,-600,560,-1000,-1600,640,-1000,-200,-1600,-2200,-200,-1600,-600,-2200,-2800,-600,-2200,-1000,-2800,-3400,-1000,-2800,-1600,-3400,-4000,-1600,-3400,-2200,-4000,-4600,-2200,-4000,720,-1704
3,25,E,W,A63,Q853,QT64,KT,7,5,9,8,5,E-W,E,E,110,-200,230,90,350,140,170,-200,190,90,-200,90,140,-200,90,-300,90,140,-300,-100,-400,-100,140,-400,-200,-500,-200,-100,-500,-300,-600,-300,-200,-600,-400,-700,-400,-300,-700,-500,-800,-500,-400,-800,-600,140,-311,-500,340,560,-500,180,-800,180,870,-800,-200,-1100,-200,730,-1100,-500,-1400,-500,-200,-1400,-800,-1700,-800,-500,-1700,-1100,-2000,-1100,-800,-2000,-1400,-2300,-1400,-1100,-2300,-1700,870,-829,-1000,630,1520,-1000,760,-1600,760,1240,-1600,-400,-2200,-400,960,-2200,-1000,-2800,-1000,-400,-2800,-1600,-3400,-1600,-1000,-3400,-2200,-4000,-2200,-1600,-4000,-2800,-4600,-2800,-2200,-4600,-3400,1520,-1655
